rank,placement,player,deck_name,points,wins,losses,ties,deck_file,missing_cards,ambiguous_cards,mapped_cards,set_number_cards,name_fallback_cards,energy_fallback_cards,unique_card_ids,missing_detail,ambiguous_detail
1,1,James Kowalski,Lillie's Clefairy,49,16,1,1,/home/harsha/Developer/pokemon-tcg-ai-battle/deck_candidates/naic_2026/001_place_001_lillie-s-clefairy/deck.csv,0,0,60,42,9,9,24,,
2,4,Ross Cawthon,Slowking,41,13,2,2,/home/harsha/Developer/pokemon-tcg-ai-battle/deck_candidates/naic_2026/002_place_004_slowking/deck.csv,0,0,60,46,10,4,24,,
3,13,Natalie Millar,Dragapult Dusknoir,34,11,2,1,/home/harsha/Developer/pokemon-tcg-ai-battle/deck_candidates/naic_2026/003_place_013_dragapult-dusknoir/deck.csv,0,0,60,31,21,8,24,,
4,20,Nicholas Cucinelli,Basic Box,33,11,3,,/home/harsha/Developer/pokemon-tcg-ai-battle/deck_candidates/naic_2026/004_place_020_basic-box/deck.csv,0,0,60,32,13,15,26,,
5,21,Aurora Viets,Dragapult,33,11,3,,/home/harsha/Developer/pokemon-tcg-ai-battle/deck_candidates/naic_2026/005_place_021_dragapult/deck.csv,0,0,60,34,17,9,23,,
6,23,Connor Cockerham,Lillie's Clefairy,33,11,3,,/home/harsha/Developer/pokemon-tcg-ai-battle/deck_candidates/naic_2026/006_place_023_lillie-s-clefairy/deck.csv,0,0,60,42,9,9,24,,
7,24,Isaac Alexander Martinez Mendoza,Slowking,33,11,3,,/home/harsha/Developer/pokemon-tcg-ai-battle/deck_candidates/naic_2026/007_place_024_slowking/deck.csv,0,0,60,48,9,3,28,,
8,28,Ben Dobberstein,Ogerpon Meganium Hydrapple,33,11,3,,/home/harsha/Developer/pokemon-tcg-ai-battle/deck_candidates/naic_2026/008_place_028_ogerpon-meganium-hydrapple/deck.csv,0,0,60,38,9,13,24,,
9,34,Rowan Stavenow,Dragapult,32,10,2,2,/home/harsha/Developer/pokemon-tcg-ai-battle/deck_candidates/naic_2026/009_place_034_dragapult/deck.csv,0,0,60,34,17,9,23,,
10,36,Diego Cassiraga,Alakazam Dudunsparce,32,9,,5,/home/harsha/Developer/pokemon-tcg-ai-battle/deck_candidates/naic_2026/010_place_036_alakazam-dudunsparce/deck.csv,0,0,60,51,8,1,27,,
11,39,Daichi Shimada,Dragapult Dusknoir,32,10,2,2,/home/harsha/Developer/pokemon-tcg-ai-battle/deck_candidates/naic_2026/011_place_039_dragapult-dusknoir/deck.csv,0,0,60,33,19,8,25,,
12,40,Öjvind Svinhufvud,N's Zoroark,32,10,2,2,/home/harsha/Developer/pokemon-tcg-ai-battle/deck_candidates/naic_2026/012_place_040_n-s-zoroark/deck.csv,0,0,60,37,15,8,23,,
13,44,Matthew Burris,Dragapult Dusknoir,32,10,2,2,/home/harsha/Developer/pokemon-tcg-ai-battle/deck_candidates/naic_2026/013_place_044_dragapult-dusknoir/deck.csv,0,0,60,31,20,9,25,,
14,52,Matthew Hubbard,Basic Box,31,10,3,1,/home/harsha/Developer/pokemon-tcg-ai-battle/deck_candidates/naic_2026/014_place_052_basic-box/deck.csv,0,0,60,32,13,15,26,,
15,54,Calvin Connor,Alakazam Dudunsparce,31,10,3,1,/home/harsha/Developer/pokemon-tcg-ai-battle/deck_candidates/naic_2026/015_place_054_alakazam-dudunsparce/deck.csv,0,0,60,50,9,1,28,,
16,55,Cooper Kull,Crustle,31,10,3,1,/home/harsha/Developer/pokemon-tcg-ai-battle/deck_candidates/naic_2026/016_place_055_crustle/deck.csv,0,0,60,50,10,0,24,,
17,58,Adam Kalamat,Dragapult Blaziken,31,10,3,1,/home/harsha/Developer/pokemon-tcg-ai-battle/deck_candidates/naic_2026/017_place_058_dragapult-blaziken/deck.csv,0,0,60,38,14,8,26,,
18,63,Lorenzo Gomez,Crustle,31,10,3,1,/home/harsha/Developer/pokemon-tcg-ai-battle/deck_candidates/naic_2026/018_place_063_crustle/deck.csv,0,0,60,49,10,1,25,,
19,67,Gavin Chen,Ethan's Typhlosion,31,10,3,1,/home/harsha/Developer/pokemon-tcg-ai-battle/deck_candidates/naic_2026/019_place_067_ethan-s-typhlosion/deck.csv,0,0,60,39,16,5,29,,
20,69,Edward Valencia,Crustle,31,10,3,1,/home/harsha/Developer/pokemon-tcg-ai-battle/deck_candidates/naic_2026/020_place_069_crustle/deck.csv,0,0,60,50,6,4,27,,
21,70,Darren Bui,Lillie's Clefairy,31,10,3,1,/home/harsha/Developer/pokemon-tcg-ai-battle/deck_candidates/naic_2026/021_place_070_lillie-s-clefairy/deck.csv,0,0,60,42,9,9,24,,
22,73,Evan Bryant,Crustle,31,9,1,4,/home/harsha/Developer/pokemon-tcg-ai-battle/deck_candidates/naic_2026/022_place_073_crustle/deck.csv,0,0,60,49,10,1,25,,
23,81,Joseph Chigbrow,Dragapult Dusknoir,31,10,3,1,/home/harsha/Developer/pokemon-tcg-ai-battle/deck_candidates/naic_2026/023_place_081_dragapult-dusknoir/deck.csv,0,0,60,31,21,8,25,,
24,86,Brian Du,Lucario Hariyama,30,10,4,,/home/harsha/Developer/pokemon-tcg-ai-battle/deck_candidates/naic_2026/024_place_086_lucario-hariyama/deck.csv,0,0,60,36,12,12,20,,
25,88,Hermanni Hietalahti,N's Zoroark,30,10,4,,/home/harsha/Developer/pokemon-tcg-ai-battle/deck_candidates/naic_2026/025_place_088_n-s-zoroark/deck.csv,0,0,60,38,13,9,23,,
26,91,Taylor Cook,Ceruledge,30,10,4,,/home/harsha/Developer/pokemon-tcg-ai-battle/deck_candidates/naic_2026/026_place_091_ceruledge/deck.csv,0,0,60,28,12,20,16,,
27,92,Asaki Hasegawa,Dragapult Blaziken,30,10,4,,/home/harsha/Developer/pokemon-tcg-ai-battle/deck_candidates/naic_2026/027_place_092_dragapult-blaziken/deck.csv,0,0,60,38,14,8,26,,
28,98,Noah Donen,Dragapult,30,10,4,,/home/harsha/Developer/pokemon-tcg-ai-battle/deck_candidates/naic_2026/028_place_098_dragapult/deck.csv,0,0,60,33,18,9,22,,
29,102,Justin Blanchard,Crustle,30,9,2,3,/home/harsha/Developer/pokemon-tcg-ai-battle/deck_candidates/naic_2026/029_place_102_crustle/deck.csv,0,0,60,50,9,1,25,,
30,103,Christian Cruz Esquivel,Dragapult,30,8,,6,/home/harsha/Developer/pokemon-tcg-ai-battle/deck_candidates/naic_2026/030_place_103_dragapult/deck.csv,0,0,60,35,16,9,24,,
31,108,Armond Crockett,Basic Box,29,9,3,2,/home/harsha/Developer/pokemon-tcg-ai-battle/deck_candidates/naic_2026/031_place_108_basic-box/deck.csv,0,0,60,33,13,14,30,,
32,110,Fernando Cifuentes,Sylveon,29,9,3,2,/home/harsha/Developer/pokemon-tcg-ai-battle/deck_candidates/naic_2026/032_place_110_sylveon/deck.csv,0,0,60,46,6,8,27,,
33,111,Darin O'Meara,Crustle,29,9,3,2,/home/harsha/Developer/pokemon-tcg-ai-battle/deck_candidates/naic_2026/033_place_111_crustle/deck.csv,0,0,60,50,9,1,25,,
34,114,Bryant Suarez,Raging Bolt Ogerpon,29,9,3,2,/home/harsha/Developer/pokemon-tcg-ai-battle/deck_candidates/naic_2026/034_place_114_raging-bolt-ogerpon/deck.csv,0,0,60,33,13,14,27,,
35,115,Charlie Lockyer,Slowking,29,9,3,2,/home/harsha/Developer/pokemon-tcg-ai-battle/deck_candidates/naic_2026/035_place_115_slowking/deck.csv,0,0,60,45,9,6,26,,
36,117,Riley McKay,Dragapult,29,9,3,2,/home/harsha/Developer/pokemon-tcg-ai-battle/deck_candidates/naic_2026/036_place_117_dragapult/deck.csv,0,0,60,33,18,9,22,,
37,122,Kendall Wuensch,Alakazam Dudunsparce,29,9,3,2,/home/harsha/Developer/pokemon-tcg-ai-battle/deck_candidates/naic_2026/037_place_122_alakazam-dudunsparce/deck.csv,0,0,60,52,7,1,28,,
38,129,Andrew Zheng,Dragapult,29,9,3,2,/home/harsha/Developer/pokemon-tcg-ai-battle/deck_candidates/naic_2026/038_place_129_dragapult/deck.csv,0,0,60,37,15,8,30,,
39,133,Reilly Cooper,Crustle,29,9,3,2,/home/harsha/Developer/pokemon-tcg-ai-battle/deck_candidates/naic_2026/039_place_133_crustle/deck.csv,0,0,60,48,10,2,26,,
40,137,Chloe Abbott,Cynthia's Garchomp,29,9,3,2,/home/harsha/Developer/pokemon-tcg-ai-battle/deck_candidates/naic_2026/040_place_137_cynthia-s-garchomp/deck.csv,0,0,60,47,9,4,24,,
41,145,Jason Yip,Dragapult Dusknoir,29,9,3,2,/home/harsha/Developer/pokemon-tcg-ai-battle/deck_candidates/naic_2026/041_place_145_dragapult-dusknoir/deck.csv,0,0,60,31,21,8,25,,
42,149,Andrew Piro,Slowking,29,9,3,2,/home/harsha/Developer/pokemon-tcg-ai-battle/deck_candidates/naic_2026/042_place_149_slowking/deck.csv,0,0,60,47,10,3,29,,
43,151,Ryan Rumble,Crustle,29,9,3,2,/home/harsha/Developer/pokemon-tcg-ai-battle/deck_candidates/naic_2026/043_place_151_crustle/deck.csv,0,0,60,52,6,2,25,,
44,153,Ryan Antonucci,Dragapult,29,9,3,2,/home/harsha/Developer/pokemon-tcg-ai-battle/deck_candidates/naic_2026/044_place_153_dragapult/deck.csv,0,0,60,36,15,9,24,,
45,155,Colin von Plonski,Dragapult,29,9,3,2,/home/harsha/Developer/pokemon-tcg-ai-battle/deck_candidates/naic_2026/045_place_155_dragapult/deck.csv,0,0,60,34,17,9,23,,
46,158,Matt Walter,Hop's Trevenant,29,9,3,2,/home/harsha/Developer/pokemon-tcg-ai-battle/deck_candidates/naic_2026/046_place_158_hop-s-trevenant/deck.csv,0,0,60,51,9,0,24,,
47,159,Jake Gallagher,Alakazam Dudunsparce,29,9,3,2,/home/harsha/Developer/pokemon-tcg-ai-battle/deck_candidates/naic_2026/047_place_159_alakazam-dudunsparce/deck.csv,0,0,60,51,8,1,26,,
48,162,Jerome Pelletier,Rocket's Honchkrow,29,9,3,2,/home/harsha/Developer/pokemon-tcg-ai-battle/deck_candidates/naic_2026/048_place_162_rocket-s-honchkrow/deck.csv,0,0,60,56,4,0,19,,
49,164,Leighton Catton,Festival Lead,29,9,3,2,/home/harsha/Developer/pokemon-tcg-ai-battle/deck_candidates/naic_2026/049_place_164_festival-lead/deck.csv,0,0,60,50,5,5,27,,
50,165,Alfredo Manzanares,Rocket's Honchkrow,29,9,3,2,/home/harsha/Developer/pokemon-tcg-ai-battle/deck_candidates/naic_2026/050_place_165_rocket-s-honchkrow/deck.csv,0,0,60,58,2,0,20,,
51,169,Matthew Farkas,Crustle,28,9,4,1,/home/harsha/Developer/pokemon-tcg-ai-battle/deck_candidates/naic_2026/051_place_169_crustle/deck.csv,0,0,60,49,9,2,28,,
52,170,Uddish Sood,Basic Box,28,9,4,1,/home/harsha/Developer/pokemon-tcg-ai-battle/deck_candidates/naic_2026/052_place_170_basic-box/deck.csv,0,0,60,32,13,15,26,,
53,171,Patrik Räty,Rocket's Mewtwo,28,9,4,1,/home/harsha/Developer/pokemon-tcg-ai-battle/deck_candidates/naic_2026/053_place_171_rocket-s-mewtwo/deck.csv,0,0,60,47,6,7,25,,
54,172,Jon Bristow,N's Zoroark,28,8,2,4,/home/harsha/Developer/pokemon-tcg-ai-battle/deck_candidates/naic_2026/054_place_172_n-s-zoroark/deck.csv,0,0,60,42,10,8,23,,
55,173,Marco Montenegro,Slowking,28,9,4,1,/home/harsha/Developer/pokemon-tcg-ai-battle/deck_candidates/naic_2026/055_place_173_slowking/deck.csv,0,0,60,46,10,4,27,,
56,175,Brent Tonisson,Dragapult Dusknoir,28,9,4,1,/home/harsha/Developer/pokemon-tcg-ai-battle/deck_candidates/naic_2026/056_place_175_dragapult-dusknoir/deck.csv,0,0,60,31,21,8,24,,
57,177,Aaron Friedman,Dragapult Dusknoir,28,9,4,1,/home/harsha/Developer/pokemon-tcg-ai-battle/deck_candidates/naic_2026/057_place_177_dragapult-dusknoir/deck.csv,0,0,60,31,21,8,25,,
58,182,Jason Schelin,Cynthia's Garchomp,28,9,4,1,/home/harsha/Developer/pokemon-tcg-ai-battle/deck_candidates/naic_2026/058_place_182_cynthia-s-garchomp/deck.csv,0,0,60,53,3,4,19,,
59,185,Jordan Dumlao,Slowking,28,9,4,1,/home/harsha/Developer/pokemon-tcg-ai-battle/deck_candidates/naic_2026/059_place_185_slowking/deck.csv,0,0,60,47,9,4,27,,
60,186,Lisa Steinmüller,Dragapult Dusknoir,28,9,4,1,/home/harsha/Developer/pokemon-tcg-ai-battle/deck_candidates/naic_2026/060_place_186_dragapult-dusknoir/deck.csv,0,0,60,31,21,8,24,,
61,191,Yuya Kogai,Dragapult,28,9,4,1,/home/harsha/Developer/pokemon-tcg-ai-battle/deck_candidates/naic_2026/061_place_191_dragapult/deck.csv,0,0,60,35,16,9,24,,
62,193,Wyatt Osterdyk,Alakazam Dudunsparce,28,9,4,1,/home/harsha/Developer/pokemon-tcg-ai-battle/deck_candidates/naic_2026/062_place_193_alakazam-dudunsparce/deck.csv,0,0,60,52,7,1,28,,
63,194,Eric Aubertin,Crustle,28,9,4,1,/home/harsha/Developer/pokemon-tcg-ai-battle/deck_candidates/naic_2026/063_place_194_crustle/deck.csv,0,0,60,49,9,2,27,,
64,199,Dre Alderette,Alakazam Dudunsparce,28,8,2,4,/home/harsha/Developer/pokemon-tcg-ai-battle/deck_candidates/naic_2026/064_place_199_alakazam-dudunsparce/deck.csv,0,0,60,50,9,1,28,,
65,203,Emma Hagen,Lillie's Clefairy,28,9,4,1,/home/harsha/Developer/pokemon-tcg-ai-battle/deck_candidates/naic_2026/065_place_203_lillie-s-clefairy/deck.csv,0,0,60,42,9,9,24,,
66,206,Elliot Muskat,Basic Box,28,9,4,1,/home/harsha/Developer/pokemon-tcg-ai-battle/deck_candidates/naic_2026/066_place_206_basic-box/deck.csv,0,0,60,31,14,15,26,,
67,211,Zach Laska,Lillie's Clefairy,28,9,4,1,/home/harsha/Developer/pokemon-tcg-ai-battle/deck_candidates/naic_2026/067_place_211_lillie-s-clefairy/deck.csv,0,0,60,42,9,9,24,,
68,215,Aaron Davis,Alakazam Dudunsparce,28,9,4,1,/home/harsha/Developer/pokemon-tcg-ai-battle/deck_candidates/naic_2026/068_place_215_alakazam-dudunsparce/deck.csv,0,0,60,51,8,1,27,,
69,219,Larry Bravo,Basic Box,28,9,4,1,/home/harsha/Developer/pokemon-tcg-ai-battle/deck_candidates/naic_2026/069_place_219_basic-box/deck.csv,0,0,60,33,17,10,23,,
70,223,Cali White,Basic Box,28,9,4,1,/home/harsha/Developer/pokemon-tcg-ai-battle/deck_candidates/naic_2026/070_place_223_basic-box/deck.csv,0,0,60,30,15,15,25,,
71,227,Cerys Jones,Alakazam Dudunsparce,28,9,4,1,/home/harsha/Developer/pokemon-tcg-ai-battle/deck_candidates/naic_2026/071_place_227_alakazam-dudunsparce/deck.csv,0,0,60,51,8,1,29,,
72,228,Payton Stay,Alakazam Dudunsparce,28,9,4,1,/home/harsha/Developer/pokemon-tcg-ai-battle/deck_candidates/naic_2026/072_place_228_alakazam-dudunsparce/deck.csv,0,0,60,52,7,1,28,,
73,235,Ryuki Okada,Dragapult Blaziken,27,9,5,,/home/harsha/Developer/pokemon-tcg-ai-battle/deck_candidates/naic_2026/073_place_235_dragapult-blaziken/deck.csv,0,0,60,39,13,8,26,,
74,237,Soichiro Kawano,Ogerpon Meganium Hydrapple,27,9,5,,/home/harsha/Developer/pokemon-tcg-ai-battle/deck_candidates/naic_2026/074_place_237_ogerpon-meganium-hydrapple/deck.csv,0,0,60,37,9,14,24,,
75,243,Ian Robb,Slowking,27,9,5,,/home/harsha/Developer/pokemon-tcg-ai-battle/deck_candidates/naic_2026/075_place_243_slowking/deck.csv,0,0,60,45,9,6,26,,
76,244,Matthew Martinez,Cynthia's Garchomp,27,9,5,,/home/harsha/Developer/pokemon-tcg-ai-battle/deck_candidates/naic_2026/076_place_244_cynthia-s-garchomp/deck.csv,0,0,60,50,5,5,21,,
77,245,Tienthomas Pham,Basic Box,27,9,5,,/home/harsha/Developer/pokemon-tcg-ai-battle/deck_candidates/naic_2026/077_place_245_basic-box/deck.csv,0,0,60,31,14,15,26,,
78,246,Satoshi Matsui,Basic Box,27,8,3,3,/home/harsha/Developer/pokemon-tcg-ai-battle/deck_candidates/naic_2026/078_place_246_basic-box/deck.csv,0,0,60,32,17,11,24,,
79,248,Nathaniel Lamar,Festival Lead,27,9,5,,/home/harsha/Developer/pokemon-tcg-ai-battle/deck_candidates/naic_2026/079_place_248_festival-lead/deck.csv,0,0,60,47,9,4,26,,
80,249,Mehdi Hafi,Festival Lead,27,8,3,3,/home/harsha/Developer/pokemon-tcg-ai-battle/deck_candidates/naic_2026/080_place_249_festival-lead/deck.csv,0,0,60,45,11,4,25,,
81,256,Juan Mora,Dragapult Blaziken,27,8,3,3,/home/harsha/Developer/pokemon-tcg-ai-battle/deck_candidates/naic_2026/081_place_256_dragapult-blaziken/deck.csv,0,0,60,39,14,7,27,,
82,260,Julio Curiel,Slowking,27,9,5,,/home/harsha/Developer/pokemon-tcg-ai-battle/deck_candidates/naic_2026/082_place_260_slowking/deck.csv,0,0,60,48,9,3,28,,
83,263,Christian Fontenot,Alakazam Dudunsparce,27,9,5,,/home/harsha/Developer/pokemon-tcg-ai-battle/deck_candidates/naic_2026/083_place_263_alakazam-dudunsparce/deck.csv,0,0,60,51,8,1,27,,
84,266,Fernando Lopez,Basic Box,27,9,5,,/home/harsha/Developer/pokemon-tcg-ai-battle/deck_candidates/naic_2026/084_place_266_basic-box/deck.csv,0,0,60,36,12,12,31,,
85,267,Kaleb Jacobson,Dragapult Blaziken,27,8,3,3,/home/harsha/Developer/pokemon-tcg-ai-battle/deck_candidates/naic_2026/085_place_267_dragapult-blaziken/deck.csv,0,0,60,38,14,8,26,,
86,268,Juan Cardenas,Cynthia's Garchomp,27,8,3,3,/home/harsha/Developer/pokemon-tcg-ai-battle/deck_candidates/naic_2026/086_place_268_cynthia-s-garchomp/deck.csv,0,0,60,48,9,3,21,,
87,271,Toby Clark,Raging Bolt Ogerpon,26,8,4,2,/home/harsha/Developer/pokemon-tcg-ai-battle/deck_candidates/naic_2026/087_place_271_raging-bolt-ogerpon/deck.csv,0,0,60,33,13,14,27,,
88,276,Nathan Brower,Rocket's Honchkrow,26,8,4,2,/home/harsha/Developer/pokemon-tcg-ai-battle/deck_candidates/naic_2026/088_place_276_rocket-s-honchkrow/deck.csv,0,0,60,57,3,0,19,,
89,286,Hunter Butler,Dragapult,26,8,4,2,/home/harsha/Developer/pokemon-tcg-ai-battle/deck_candidates/naic_2026/089_place_286_dragapult/deck.csv,0,0,60,35,16,9,24,,
90,292,Matthew Wood,Rocket's Honchkrow,26,8,4,2,/home/harsha/Developer/pokemon-tcg-ai-battle/deck_candidates/naic_2026/090_place_292_rocket-s-honchkrow/deck.csv,0,0,60,57,3,0,19,,
91,299,Nathaniel Dungey,Alakazam Dudunsparce,26,8,4,2,/home/harsha/Developer/pokemon-tcg-ai-battle/deck_candidates/naic_2026/091_place_299_alakazam-dudunsparce/deck.csv,0,0,60,50,9,1,25,,
92,304,Austin Brown,Dragapult,26,8,4,2,/home/harsha/Developer/pokemon-tcg-ai-battle/deck_candidates/naic_2026/092_place_304_dragapult/deck.csv,0,0,60,35,17,8,24,,
93,306,Clarence Chen,Slowking,26,8,4,2,/home/harsha/Developer/pokemon-tcg-ai-battle/deck_candidates/naic_2026/093_place_306_slowking/deck.csv,0,0,60,45,11,4,30,,
94,307,Cody Graham,Rocket's Honchkrow,26,8,4,2,/home/harsha/Developer/pokemon-tcg-ai-battle/deck_candidates/naic_2026/094_place_307_rocket-s-honchkrow/deck.csv,0,0,60,56,4,0,19,,
95,312,Paul Abarca,Hop's Trevenant,26,8,4,2,/home/harsha/Developer/pokemon-tcg-ai-battle/deck_candidates/naic_2026/095_place_312_hop-s-trevenant/deck.csv,0,0,60,51,9,0,24,,
96,316,Cody Hope,Ogerpon Meganium Hydrapple,26,8,4,2,/home/harsha/Developer/pokemon-tcg-ai-battle/deck_candidates/naic_2026/096_place_316_ogerpon-meganium-hydrapple/deck.csv,0,0,60,38,8,14,23,,
97,320,Bradley Dallaire,Slowking,26,8,4,2,/home/harsha/Developer/pokemon-tcg-ai-battle/deck_candidates/naic_2026/097_place_320_slowking/deck.csv,0,0,60,45,11,4,25,,
98,326,Christopher Abreu,Crustle,26,8,4,2,/home/harsha/Developer/pokemon-tcg-ai-battle/deck_candidates/naic_2026/098_place_326_crustle/deck.csv,0,0,60,49,10,1,24,,
99,328,William Kiefer,Crustle,26,7,2,5,/home/harsha/Developer/pokemon-tcg-ai-battle/deck_candidates/naic_2026/099_place_328_crustle/deck.csv,0,0,60,48,10,2,26,,
100,330,Matt Mcgrath,Dragapult,26,8,4,2,/home/harsha/Developer/pokemon-tcg-ai-battle/deck_candidates/naic_2026/100_place_330_dragapult/deck.csv,0,0,60,34,17,9,22,,
101,332,Clayton May,Alakazam Dudunsparce,26,8,4,2,/home/harsha/Developer/pokemon-tcg-ai-battle/deck_candidates/naic_2026/101_place_332_alakazam-dudunsparce/deck.csv,0,0,60,51,8,1,28,,
102,333,Elliott Zech,Rocket's Honchkrow,26,8,4,2,/home/harsha/Developer/pokemon-tcg-ai-battle/deck_candidates/naic_2026/102_place_333_rocket-s-honchkrow/deck.csv,0,0,60,56,4,0,19,,
103,335,Nathan Schaal,Raging Bolt Ogerpon,26,8,4,2,/home/harsha/Developer/pokemon-tcg-ai-battle/deck_candidates/naic_2026/103_place_335_raging-bolt-ogerpon/deck.csv,0,0,60,32,14,14,27,,
104,336,Raul Merino,Raging Bolt Ogerpon,26,8,4,2,/home/harsha/Developer/pokemon-tcg-ai-battle/deck_candidates/naic_2026/104_place_336_raging-bolt-ogerpon/deck.csv,0,0,60,33,13,14,27,,
105,338,Adrian Monin,Ogerpon Meganium Hydrapple,26,8,4,2,/home/harsha/Developer/pokemon-tcg-ai-battle/deck_candidates/naic_2026/105_place_338_ogerpon-meganium-hydrapple/deck.csv,0,0,60,38,8,14,23,,
106,341,Kevin Fuentes,Slowking,26,8,4,2,/home/harsha/Developer/pokemon-tcg-ai-battle/deck_candidates/naic_2026/106_place_341_slowking/deck.csv,0,0,60,47,10,3,29,,
107,344,David Cooper,Raging Bolt Ogerpon,26,8,4,2,/home/harsha/Developer/pokemon-tcg-ai-battle/deck_candidates/naic_2026/107_place_344_raging-bolt-ogerpon/deck.csv,0,0,60,32,14,14,26,,
108,347,Kyle Domingo,Slowking,26,8,4,2,/home/harsha/Developer/pokemon-tcg-ai-battle/deck_candidates/naic_2026/108_place_347_slowking/deck.csv,0,0,60,47,10,3,29,,
109,348,Adam Easterday,Crustle,26,8,4,2,/home/harsha/Developer/pokemon-tcg-ai-battle/deck_candidates/naic_2026/109_place_348_crustle/deck.csv,0,0,60,48,10,2,26,,
110,351,Yerco Valencia,Basic Box,25,8,5,1,/home/harsha/Developer/pokemon-tcg-ai-battle/deck_candidates/naic_2026/110_place_351_basic-box/deck.csv,0,0,60,36,12,12,31,,
111,370,Kenji Ramsell,Slowking,25,8,5,1,/home/harsha/Developer/pokemon-tcg-ai-battle/deck_candidates/naic_2026/111_place_370_slowking/deck.csv,0,0,60,47,10,3,27,,
112,371,Zach Negomir,Dragapult Dusknoir,25,8,5,1,/home/harsha/Developer/pokemon-tcg-ai-battle/deck_candidates/naic_2026/112_place_371_dragapult-dusknoir/deck.csv,0,0,60,31,21,8,25,,
113,372,Justin Kim,Ogerpon Meganium Hydrapple,25,8,5,1,/home/harsha/Developer/pokemon-tcg-ai-battle/deck_candidates/naic_2026/113_place_372_ogerpon-meganium-hydrapple/deck.csv,0,0,60,38,8,14,24,,
114,374,Hector Adrian Pio Robles Sánchez,Slowking,25,8,5,1,/home/harsha/Developer/pokemon-tcg-ai-battle/deck_candidates/naic_2026/114_place_374_slowking/deck.csv,0,0,60,47,10,3,30,,
115,378,Andrew Hier,Alakazam Dudunsparce,25,8,5,1,/home/harsha/Developer/pokemon-tcg-ai-battle/deck_candidates/naic_2026/115_place_378_alakazam-dudunsparce/deck.csv,0,0,60,52,7,1,27,,
116,379,Ryan Tuckman,Slowking,25,8,5,1,/home/harsha/Developer/pokemon-tcg-ai-battle/deck_candidates/naic_2026/116_place_379_slowking/deck.csv,0,0,60,47,9,4,27,,
117,383,Asher Campbell,Raging Bolt Ogerpon,25,8,5,1,/home/harsha/Developer/pokemon-tcg-ai-battle/deck_candidates/naic_2026/117_place_383_raging-bolt-ogerpon/deck.csv,0,0,60,32,14,14,27,,
118,384,Takashi Yoneda,Dragapult Dusknoir,25,8,5,1,/home/harsha/Developer/pokemon-tcg-ai-battle/deck_candidates/naic_2026/118_place_384_dragapult-dusknoir/deck.csv,0,0,60,33,19,8,24,,
119,386,Daniel Carranza Bonilla,Basic Box,25,8,5,1,/home/harsha/Developer/pokemon-tcg-ai-battle/deck_candidates/naic_2026/119_place_386_basic-box/deck.csv,0,0,60,31,14,15,27,,
120,387,Joaquin Cardenas,Dragapult,25,8,5,1,/home/harsha/Developer/pokemon-tcg-ai-battle/deck_candidates/naic_2026/120_place_387_dragapult/deck.csv,0,0,60,34,17,9,23,,
121,395,BJ Brownell,Raging Bolt Ogerpon,25,8,5,1,/home/harsha/Developer/pokemon-tcg-ai-battle/deck_candidates/naic_2026/121_place_395_raging-bolt-ogerpon/deck.csv,0,0,60,32,13,15,26,,
122,401,Joseph Mandil,Lopunny Dudunsparce,25,8,5,1,/home/harsha/Developer/pokemon-tcg-ai-battle/deck_candidates/naic_2026/122_place_401_lopunny-dudunsparce/deck.csv,0,0,60,47,12,1,23,,
123,407,Bryson Cliggett,Hop's Trevenant,25,8,5,1,/home/harsha/Developer/pokemon-tcg-ai-battle/deck_candidates/naic_2026/123_place_407_hop-s-trevenant/deck.csv,0,0,60,53,7,0,25,,
124,410,Marcos Gonzalez,Rocket's Honchkrow,25,8,5,1,/home/harsha/Developer/pokemon-tcg-ai-battle/deck_candidates/naic_2026/124_place_410_rocket-s-honchkrow/deck.csv,0,0,60,57,3,0,19,,
125,423,Corey Jones,Dragapult Blaziken,25,8,5,1,/home/harsha/Developer/pokemon-tcg-ai-battle/deck_candidates/naic_2026/125_place_423_dragapult-blaziken/deck.csv,0,0,60,39,14,7,27,,
126,424,Asher Johnson,Alakazam Dudunsparce,25,8,5,1,/home/harsha/Developer/pokemon-tcg-ai-battle/deck_candidates/naic_2026/126_place_424_alakazam-dudunsparce/deck.csv,0,0,60,52,7,1,28,,
127,428,Arjun Khadse,Slowking,24,7,4,3,/home/harsha/Developer/pokemon-tcg-ai-battle/deck_candidates/naic_2026/127_place_428_slowking/deck.csv,0,0,60,46,8,6,28,,
128,429,Christian Martinez,Dragapult,24,7,4,3,/home/harsha/Developer/pokemon-tcg-ai-battle/deck_candidates/naic_2026/128_place_429_dragapult/deck.csv,0,0,60,34,17,9,23,,
129,432,Trevor Griggs,Slowking,24,7,4,3,/home/harsha/Developer/pokemon-tcg-ai-battle/deck_candidates/naic_2026/129_place_432_slowking/deck.csv,0,0,60,46,10,4,28,,
130,437,Adrian Serrano,Slowking,24,7,4,3,/home/harsha/Developer/pokemon-tcg-ai-battle/deck_candidates/naic_2026/130_place_437_slowking/deck.csv,0,0,60,46,11,3,27,,
131,443,William Au,Dragapult,24,7,4,3,/home/harsha/Developer/pokemon-tcg-ai-battle/deck_candidates/naic_2026/131_place_443_dragapult/deck.csv,0,0,60,33,18,9,23,,
132,445,Cole Thomas,Alakazam Dudunsparce,24,7,4,3,/home/harsha/Developer/pokemon-tcg-ai-battle/deck_candidates/naic_2026/132_place_445_alakazam-dudunsparce/deck.csv,0,0,60,49,10,1,27,,
133,446,EJ Argonza,Ogerpon Meganium Hydrapple,24,7,4,3,/home/harsha/Developer/pokemon-tcg-ai-battle/deck_candidates/naic_2026/133_place_446_ogerpon-meganium-hydrapple/deck.csv,0,0,60,38,9,13,25,,
134,448,Matthew Mancuso,Dragapult,24,7,4,3,/home/harsha/Developer/pokemon-tcg-ai-battle/deck_candidates/naic_2026/134_place_448_dragapult/deck.csv,0,0,60,35,16,9,24,,
135,455,Kris Kavanagh,Ogerpon Meganium Hydrapple,24,7,4,3,/home/harsha/Developer/pokemon-tcg-ai-battle/deck_candidates/naic_2026/135_place_455_ogerpon-meganium-hydrapple/deck.csv,0,0,60,38,8,14,25,,
136,459,Timothy Bennett,Lucario Hariyama,24,8,6,,/home/harsha/Developer/pokemon-tcg-ai-battle/deck_candidates/naic_2026/136_place_459_lucario-hariyama/deck.csv,0,0,60,42,11,7,24,,
137,461,Alex Frezza,Alakazam Dudunsparce,24,7,4,3,/home/harsha/Developer/pokemon-tcg-ai-battle/deck_candidates/naic_2026/137_place_461_alakazam-dudunsparce/deck.csv,0,0,60,50,9,1,27,,
138,466,Kyle Spencer,Basic Box,24,6,2,6,/home/harsha/Developer/pokemon-tcg-ai-battle/deck_candidates/naic_2026/138_place_466_basic-box/deck.csv,0,0,60,32,13,15,27,,
139,468,Franco De Nardo,Slowking,24,7,4,3,/home/harsha/Developer/pokemon-tcg-ai-battle/deck_candidates/naic_2026/139_place_468_slowking/deck.csv,0,0,60,47,10,3,29,,
140,472,Angel Howell,Raging Bolt Ogerpon,24,7,4,3,/home/harsha/Developer/pokemon-tcg-ai-battle/deck_candidates/naic_2026/140_place_472_raging-bolt-ogerpon/deck.csv,0,0,60,33,14,13,29,,
141,474,Mirai Okubo,Ogerpon Meganium Arboliva,24,7,4,3,/home/harsha/Developer/pokemon-tcg-ai-battle/deck_candidates/naic_2026/141_place_474_ogerpon-meganium-arboliva/deck.csv,0,0,60,37,11,12,23,,
142,477,Dan Benipayo,Crustle,23,5,1,8,/home/harsha/Developer/pokemon-tcg-ai-battle/deck_candidates/naic_2026/142_place_477_crustle/deck.csv,0,0,60,49,10,1,24,,
143,480,Shashi Naraine,Slowking,23,7,5,2,/home/harsha/Developer/pokemon-tcg-ai-battle/deck_candidates/naic_2026/143_place_480_slowking/deck.csv,0,0,60,47,10,3,27,,
144,481,Benjamin Griffiths,Starmie Froslass,23,7,5,2,/home/harsha/Developer/pokemon-tcg-ai-battle/deck_candidates/naic_2026/144_place_481_starmie-froslass/deck.csv,0,0,60,44,9,7,27,,
145,482,Ethan Yau,Festival Lead,23,7,5,2,/home/harsha/Developer/pokemon-tcg-ai-battle/deck_candidates/naic_2026/145_place_482_festival-lead/deck.csv,0,0,60,46,9,5,27,,
146,484,Omar Villarreal,Festival Lead,23,7,5,2,/home/harsha/Developer/pokemon-tcg-ai-battle/deck_candidates/naic_2026/146_place_484_festival-lead/deck.csv,0,0,60,47,8,5,30,,
147,489,Jed Betita,Rocket's Honchkrow,23,7,5,2,/home/harsha/Developer/pokemon-tcg-ai-battle/deck_candidates/naic_2026/147_place_489_rocket-s-honchkrow/deck.csv,0,0,60,56,4,0,19,,
148,490,Satnam Benipal,Slowking,23,7,5,2,/home/harsha/Developer/pokemon-tcg-ai-battle/deck_candidates/naic_2026/148_place_490_slowking/deck.csv,0,0,60,46,11,3,29,,
149,491,Angelo Toscano,Rocket's Honchkrow,23,7,5,2,/home/harsha/Developer/pokemon-tcg-ai-battle/deck_candidates/naic_2026/149_place_491_rocket-s-honchkrow/deck.csv,0,0,60,56,4,0,19,,
150,495,Chad James,N's Zoroark,23,7,5,2,/home/harsha/Developer/pokemon-tcg-ai-battle/deck_candidates/naic_2026/150_place_495_n-s-zoroark/deck.csv,0,0,60,37,15,8,23,,
151,496,Amy Jones,Alakazam Dudunsparce,23,7,5,2,/home/harsha/Developer/pokemon-tcg-ai-battle/deck_candidates/naic_2026/151_place_496_alakazam-dudunsparce/deck.csv,0,0,60,51,8,1,29,,
152,498,Ethan Ding,Alakazam Dudunsparce,23,7,5,2,/home/harsha/Developer/pokemon-tcg-ai-battle/deck_candidates/naic_2026/152_place_498_alakazam-dudunsparce/deck.csv,0,0,60,51,8,1,26,,
153,501,Zach Taylor,Steven's Metagross,23,7,5,2,/home/harsha/Developer/pokemon-tcg-ai-battle/deck_candidates/naic_2026/153_place_501_steven-s-metagross/deck.csv,0,0,60,39,11,10,30,,
154,502,Hunter Slack,Alakazam Dudunsparce,23,7,5,2,/home/harsha/Developer/pokemon-tcg-ai-battle/deck_candidates/naic_2026/154_place_502_alakazam-dudunsparce/deck.csv,0,0,60,52,7,1,26,,
155,503,Kris Hill,Lillie's Clefairy,23,7,5,2,/home/harsha/Developer/pokemon-tcg-ai-battle/deck_candidates/naic_2026/155_place_503_lillie-s-clefairy/deck.csv,0,0,60,42,9,9,24,,
156,507,Santiago Prieto,Sylveon,23,7,5,2,/home/harsha/Developer/pokemon-tcg-ai-battle/deck_candidates/naic_2026/156_place_507_sylveon/deck.csv,0,0,60,46,6,8,27,,
157,508,Steven Vuong,N's Zoroark,23,7,5,2,/home/harsha/Developer/pokemon-tcg-ai-battle/deck_candidates/naic_2026/157_place_508_n-s-zoroark/deck.csv,0,0,60,38,14,8,26,,
158,510,Ken Morishita,Dragapult,23,7,5,2,/home/harsha/Developer/pokemon-tcg-ai-battle/deck_candidates/naic_2026/158_place_510_dragapult/deck.csv,0,0,60,33,18,9,22,,
159,511,Johnny Ngo,Basic Box,23,7,5,2,/home/harsha/Developer/pokemon-tcg-ai-battle/deck_candidates/naic_2026/159_place_511_basic-box/deck.csv,0,0,60,32,17,11,24,,
160,513,Hunter Smith,Alakazam Dudunsparce,23,7,5,2,/home/harsha/Developer/pokemon-tcg-ai-battle/deck_candidates/naic_2026/160_place_513_alakazam-dudunsparce/deck.csv,0,0,60,51,8,1,27,,
161,520,Christian Betancourt,Slowking,23,7,5,2,/home/harsha/Developer/pokemon-tcg-ai-battle/deck_candidates/naic_2026/161_place_520_slowking/deck.csv,0,0,60,47,10,3,29,,
162,526,Adam Reinhardt,Sharpedo Toxtricity,23,5,1,8,/home/harsha/Developer/pokemon-tcg-ai-battle/deck_candidates/naic_2026/162_place_526_sharpedo-toxtricity/deck.csv,0,0,60,36,15,9,24,,
163,528,Cameron James,Alakazam Dudunsparce,23,7,5,2,/home/harsha/Developer/pokemon-tcg-ai-battle/deck_candidates/naic_2026/163_place_528_alakazam-dudunsparce/deck.csv,0,0,60,50,8,2,24,,
164,531,Daiki Tokuhara,Dragapult,23,7,5,2,/home/harsha/Developer/pokemon-tcg-ai-battle/deck_candidates/naic_2026/164_place_531_dragapult/deck.csv,0,0,60,40,11,9,28,,
165,535,Kolton Munson,Rocket's Honchkrow,22,6,4,4,/home/harsha/Developer/pokemon-tcg-ai-battle/deck_candidates/naic_2026/165_place_535_rocket-s-honchkrow/deck.csv,0,0,60,57,3,0,19,,
166,538,Maxwell Johnson,Alakazam Dudunsparce,22,7,6,1,/home/harsha/Developer/pokemon-tcg-ai-battle/deck_candidates/naic_2026/166_place_538_alakazam-dudunsparce/deck.csv,0,0,60,52,7,1,26,,
167,547,Carson Ellis,Alakazam Dudunsparce,22,7,6,1,/home/harsha/Developer/pokemon-tcg-ai-battle/deck_candidates/naic_2026/167_place_547_alakazam-dudunsparce/deck.csv,0,0,60,50,9,1,25,,
168,550,Ryan Offstein,Festival Lead,22,7,6,1,/home/harsha/Developer/pokemon-tcg-ai-battle/deck_candidates/naic_2026/168_place_550_festival-lead/deck.csv,0,0,60,48,8,4,25,,
169,552,Cobi Kawasaki,Slowking,22,7,6,1,/home/harsha/Developer/pokemon-tcg-ai-battle/deck_candidates/naic_2026/169_place_552_slowking/deck.csv,0,0,60,47,10,3,27,,
170,556,Alexander Lopez,Slowking,22,7,6,1,/home/harsha/Developer/pokemon-tcg-ai-battle/deck_candidates/naic_2026/170_place_556_slowking/deck.csv,0,0,60,46,10,4,28,,
171,559,Peyton Schutz,Alakazam Dudunsparce,22,7,6,1,/home/harsha/Developer/pokemon-tcg-ai-battle/deck_candidates/naic_2026/171_place_559_alakazam-dudunsparce/deck.csv,0,0,60,52,7,1,28,,
172,560,Aaron Walker,Hop's Trevenant,22,7,6,1,/home/harsha/Developer/pokemon-tcg-ai-battle/deck_candidates/naic_2026/172_place_560_hop-s-trevenant/deck.csv,0,0,60,51,9,0,24,,
173,562,Luke Miller,Dragapult,22,7,6,1,/home/harsha/Developer/pokemon-tcg-ai-battle/deck_candidates/naic_2026/173_place_562_dragapult/deck.csv,0,0,60,35,16,9,24,,
174,563,Jack Li,Dragapult Dusknoir,22,7,4,1,/home/harsha/Developer/pokemon-tcg-ai-battle/deck_candidates/naic_2026/174_place_563_dragapult-dusknoir/deck.csv,0,0,60,31,21,8,24,,
175,565,Aldo De Leon,Raging Bolt Ogerpon,22,7,6,1,/home/harsha/Developer/pokemon-tcg-ai-battle/deck_candidates/naic_2026/175_place_565_raging-bolt-ogerpon/deck.csv,0,0,60,31,14,15,28,,
176,567,Nicholas Hacquebord,Crustle,22,7,5,1,/home/harsha/Developer/pokemon-tcg-ai-battle/deck_candidates/naic_2026/176_place_567_crustle/deck.csv,0,0,60,50,9,1,25,,
177,570,Miguel Angel Lopez Bernal,Raging Bolt Ogerpon,22,7,6,1,/home/harsha/Developer/pokemon-tcg-ai-battle/deck_candidates/naic_2026/177_place_570_raging-bolt-ogerpon/deck.csv,0,0,60,31,11,18,22,,
178,574,Alexander Dade,Dragapult Blaziken,22,7,6,1,/home/harsha/Developer/pokemon-tcg-ai-battle/deck_candidates/naic_2026/178_place_574_dragapult-blaziken/deck.csv,0,0,60,38,14,8,26,,
179,575,Cory Hubka,Rocket's Honchkrow,22,6,4,4,/home/harsha/Developer/pokemon-tcg-ai-battle/deck_candidates/naic_2026/179_place_575_rocket-s-honchkrow/deck.csv,0,0,60,56,4,0,20,,
180,579,Ryan Ooi,Raging Bolt Ogerpon,22,7,6,1,/home/harsha/Developer/pokemon-tcg-ai-battle/deck_candidates/naic_2026/180_place_579_raging-bolt-ogerpon/deck.csv,0,0,60,33,13,14,27,,
181,580,Jetson Liu,Alakazam Dudunsparce,22,7,6,1,/home/harsha/Developer/pokemon-tcg-ai-battle/deck_candidates/naic_2026/181_place_580_alakazam-dudunsparce/deck.csv,0,0,60,52,7,1,26,,
182,581,David Davis,Slowking,22,7,6,1,/home/harsha/Developer/pokemon-tcg-ai-battle/deck_candidates/naic_2026/182_place_581_slowking/deck.csv,0,0,60,48,9,3,26,,
183,583,Ping Zhao,Slowking,22,7,6,1,/home/harsha/Developer/pokemon-tcg-ai-battle/deck_candidates/naic_2026/183_place_583_slowking/deck.csv,0,0,60,46,10,4,27,,
184,593,Kai Shahmeen Kasim,Alakazam Dudunsparce,21,6,5,3,/home/harsha/Developer/pokemon-tcg-ai-battle/deck_candidates/naic_2026/184_place_593_alakazam-dudunsparce/deck.csv,0,0,60,51,8,1,28,,
185,595,Nathan Ginsburg,Alakazam Dudunsparce,21,6,5,3,/home/harsha/Developer/pokemon-tcg-ai-battle/deck_candidates/naic_2026/185_place_595_alakazam-dudunsparce/deck.csv,0,0,60,51,8,1,27,,
186,596,Brent Einolf,Slowking,21,5,3,6,/home/harsha/Developer/pokemon-tcg-ai-battle/deck_candidates/naic_2026/186_place_596_slowking/deck.csv,0,0,60,47,10,3,28,,
187,597,Christian Velazquez,Lucario Hariyama,21,6,5,3,/home/harsha/Developer/pokemon-tcg-ai-battle/deck_candidates/naic_2026/187_place_597_lucario-hariyama/deck.csv,0,0,60,38,11,11,24,,
188,598,Ryan McHenry,Cynthia's Garchomp,21,6,5,3,/home/harsha/Developer/pokemon-tcg-ai-battle/deck_candidates/naic_2026/188_place_598_cynthia-s-garchomp/deck.csv,0,0,60,49,7,4,23,,
189,602,Nicholas Gill,Slowking,21,6,5,3,/home/harsha/Developer/pokemon-tcg-ai-battle/deck_candidates/naic_2026/189_place_602_slowking/deck.csv,0,0,60,47,10,3,27,,
190,604,Sammy Allen,Basic Box,20,6,6,2,/home/harsha/Developer/pokemon-tcg-ai-battle/deck_candidates/naic_2026/190_place_604_basic-box/deck.csv,0,0,60,30,17,13,27,,
191,605,Elias Photopoulos,Ogerpon Meganium Hydrapple,20,6,6,2,/home/harsha/Developer/pokemon-tcg-ai-battle/deck_candidates/naic_2026/191_place_605_ogerpon-meganium-hydrapple/deck.csv,0,0,60,38,9,13,24,,
192,614,Alejandro Zeledon,Starmie Froslass,20,6,6,2,/home/harsha/Developer/pokemon-tcg-ai-battle/deck_candidates/naic_2026/192_place_614_starmie-froslass/deck.csv,0,0,60,43,10,7,28,,
193,617,Alexandre Ouellette,Alakazam Dudunsparce,20,6,6,2,/home/harsha/Developer/pokemon-tcg-ai-battle/deck_candidates/naic_2026/193_place_617_alakazam-dudunsparce/deck.csv,0,0,60,49,9,2,27,,
194,619,Zachary Davis,Lillie's Clefairy,20,6,6,2,/home/harsha/Developer/pokemon-tcg-ai-battle/deck_candidates/naic_2026/194_place_619_lillie-s-clefairy/deck.csv,0,0,60,42,9,9,25,,
195,623,Douglas Dillin,Kangaskhan Bouffalant,20,6,6,2,/home/harsha/Developer/pokemon-tcg-ai-battle/deck_candidates/naic_2026/195_place_623_kangaskhan-bouffalant/deck.csv,0,0,60,43,5,12,32,,
196,624,Edward Babin,Lucario Hariyama,20,6,6,2,/home/harsha/Developer/pokemon-tcg-ai-battle/deck_candidates/naic_2026/196_place_624_lucario-hariyama/deck.csv,0,0,60,39,11,10,21,,
197,627,Kyle Waller,Slowking,19,6,5,1,/home/harsha/Developer/pokemon-tcg-ai-battle/deck_candidates/naic_2026/197_place_627_slowking/deck.csv,0,0,60,46,11,3,26,,
198,628,Yizhi Ren,Alakazam Dudunsparce,19,6,6,1,/home/harsha/Developer/pokemon-tcg-ai-battle/deck_candidates/naic_2026/198_place_628_alakazam-dudunsparce/deck.csv,0,0,60,51,8,1,27,,
199,629,Alex Schroeder,Raging Bolt Ogerpon,19,6,5,1,/home/harsha/Developer/pokemon-tcg-ai-battle/deck_candidates/naic_2026/199_place_629_raging-bolt-ogerpon/deck.csv,0,0,60,33,13,14,27,,
200,634,Michael Formanek,Basic Box,19,5,5,4,/home/harsha/Developer/pokemon-tcg-ai-battle/deck_candidates/naic_2026/200_place_634_basic-box/deck.csv,0,0,60,32,17,11,23,,
201,645,Michelle Reynolds,Alakazam Dudunsparce,19,6,7,1,/home/harsha/Developer/pokemon-tcg-ai-battle/deck_candidates/naic_2026/201_place_645_alakazam-dudunsparce/deck.csv,0,0,60,50,9,1,28,,
202,646,Isaac Rickert,Rocket's Honchkrow,19,6,6,1,/home/harsha/Developer/pokemon-tcg-ai-battle/deck_candidates/naic_2026/202_place_646_rocket-s-honchkrow/deck.csv,0,0,60,57,3,0,19,,
203,647,Eduardo Navarro,Ogerpon Meganium Hydrapple,19,6,7,1,/home/harsha/Developer/pokemon-tcg-ai-battle/deck_candidates/naic_2026/203_place_647_ogerpon-meganium-hydrapple/deck.csv,0,0,60,40,7,13,24,,
204,651,Matt Li,Ogerpon Meganium Hydrapple,18,6,8,,/home/harsha/Developer/pokemon-tcg-ai-battle/deck_candidates/naic_2026/204_place_651_ogerpon-meganium-hydrapple/deck.csv,0,0,60,39,8,13,25,,
205,656,David Huerta,Slowking,17,5,4,2,/home/harsha/Developer/pokemon-tcg-ai-battle/deck_candidates/naic_2026/205_place_656_slowking/deck.csv,0,0,60,49,8,3,27,,
206,662,Tori Clendenin,Rocket's Mewtwo,17,5,6,2,/home/harsha/Developer/pokemon-tcg-ai-battle/deck_candidates/naic_2026/206_place_662_rocket-s-mewtwo/deck.csv,0,0,60,46,7,7,26,,
207,667,Wyatt Sutton,Lucario Hariyama,16,5,5,1,/home/harsha/Developer/pokemon-tcg-ai-battle/deck_candidates/naic_2026/207_place_667_lucario-hariyama/deck.csv,0,0,60,39,14,7,26,,
208,672,Joel Glasser,Alakazam Dudunsparce,16,5,3,1,/home/harsha/Developer/pokemon-tcg-ai-battle/deck_candidates/naic_2026/208_place_672_alakazam-dudunsparce/deck.csv,0,0,60,51,8,1,26,,
209,673,Will Jackson,Festival Lead,16,5,3,1,/home/harsha/Developer/pokemon-tcg-ai-battle/deck_candidates/naic_2026/209_place_673_festival-lead/deck.csv,0,0,60,49,6,5,26,,
210,674,Tyler Ross,Slowking,16,5,8,1,/home/harsha/Developer/pokemon-tcg-ai-battle/deck_candidates/naic_2026/210_place_674_slowking/deck.csv,0,0,60,45,11,4,28,,
211,2,Neddy Kosek,Dragapult Dusknoir,45,15,3,,,1,0,59,32,19,8,26,1x 1 Special Red Card [CRI 82],
212,3,Justin Newdorf,Dragapult,41,13,2,2,,1,0,59,34,16,9,23,1x 1 Special Red Card [CRI 82],
213,5,Rahul Reddy,Crustle,39,12,1,3,,1,0,59,52,6,1,26,1x 1 Pokémon Center Lady [MEG 123],
214,6,Jon Webb,Dragapult Blaziken,39,13,3,,,1,0,59,38,13,8,28,1x 1 Special Red Card [CRI 82],
215,8,Miguel Angel Marin Herrera,Dragapult,38,12,2,2,,1,0,59,35,16,8,25,1x 1 Special Red Card [CRI 82],
216,9,Abaan Ahmed,Dragapult,35,11,2,2,,1,0,59,39,11,9,26,1x 1 Special Red Card [CRI 82],
217,11,Caleb Rogerson,Dragapult,35,11,2,2,,1,0,59,34,16,9,23,1x 1 Special Red Card [CRI 82],
218,12,Jackson Ford,Dragapult Blaziken,34,11,2,1,,1,0,59,36,15,8,29,1x 1 Special Red Card [CRI 82],
219,15,Henry Chao,Dragapult,34,11,2,1,,1,0,59,39,11,9,26,1x 1 Special Red Card [CRI 82],
220,16,Leonardo Lattanzi,Dragapult,34,11,2,1,,1,0,59,34,16,9,22,1x 1 Special Red Card [CRI 82],
221,17,Andrew Hedrick,Dragapult,34,11,2,1,,1,0,59,34,16,9,23,1x 1 Special Red Card [CRI 82],
222,18,Mees Brenninkmeijer,Basic Box,34,11,2,1,,1,0,59,33,15,11,31,1x 1 Special Red Card [CRI 82],
223,22,Paolo Camus,Dragapult,33,11,3,,,1,0,59,34,16,9,22,1x 1 Special Red Card [CRI 82],
224,25,Grant Walworth,Ogerpon Meganium Hydrapple,33,10,1,3,,1,0,59,39,6,14,27,1x 1 Special Red Card [CRI 82],
225,26,Hale Obernolte,Crustle,33,10,1,3,,1,0,59,52,6,1,25,1x 1 Pokémon Center Lady [MEG 123],
226,27,Daniel Powell,Dragapult,33,11,3,,,1,0,59,34,16,9,22,1x 1 Special Red Card [CRI 82],
227,29,Luke Morsa,N's Zoroark,33,11,3,,,1,0,59,37,14,8,25,1x 1 Special Red Card [CRI 82],
228,30,Carter Malnaik,Crustle,32,10,2,2,,1,0,59,52,6,1,26,1x 1 Pokémon Center Lady [MEG 123],
229,31,Jack Moore,Dragapult,32,10,2,2,,1,0,59,32,18,9,21,1x 1 Special Red Card [CRI 82],
230,32,Caleb Gedemer,Dragapult,32,10,2,2,,1,0,59,36,14,9,23,1x 1 Special Red Card [CRI 82],
231,33,Blake Underhill,Dragapult,32,10,2,2,,1,0,59,34,16,9,23,1x 1 Special Red Card [CRI 82],
232,37,Christopher Carillon,Crustle,32,9,,5,,1,0,59,49,7,3,26,1x 1 Pokémon Center Lady [MEG 123],
233,38,Elmar Tresp,Dragapult,32,9,,5,,1,0,59,33,17,9,22,1x 1 Special Red Card [CRI 82],
234,41,Francisco Osorio,Dragapult,32,10,2,2,,1,0,59,36,14,9,24,1x 1 Special Red Card [CRI 82],
235,42,Aarni Karjala,Dragapult Dusknoir,32,10,2,2,,1,0,59,31,21,7,24,1x 1 Special Red Card [CRI 82],
236,43,Jack Saunders,Dragapult,32,10,2,2,,1,0,59,35,15,9,24,1x 1 Special Red Card [CRI 82],
237,45,Jeffrey Deka,N's Zoroark,32,10,2,2,,1,0,59,38,13,8,24,1x 1 Special Red Card [CRI 82],
238,46,Evan Zhu,N's Zoroark,32,10,2,2,,1,0,59,39,12,8,25,1x 1 Special Red Card [CRI 82],
239,49,José Torres,Dragapult,32,10,2,2,,1,0,59,33,17,9,23,1x 1 Special Red Card [CRI 82],
240,50,Kolton Day,Dragapult,32,10,2,2,,1,0,59,33,17,9,21,1x 1 Special Red Card [CRI 82],
241,51,John Parsons,Dragapult,32,10,2,2,,1,0,59,34,16,9,23,1x 1 Special Red Card [CRI 82],
242,53,Yasuyuki Handa,N's Zoroark,31,10,3,1,,1,0,59,39,11,9,23,1x 1 Special Red Card [CRI 82],
243,57,Jeremy Castro,Dragapult,31,10,3,1,,1,0,59,32,18,9,21,1x 1 Special Red Card [CRI 82],
244,59,Makani Tran,Dragapult,31,10,3,1,,1,0,59,34,16,9,23,1x 1 Special Red Card [CRI 82],
245,60,Camden Cornwall,Dragapult,31,10,3,1,,1,0,59,32,18,9,21,1x 1 Special Red Card [CRI 82],
246,61,Simon Feng,Dragapult,31,10,3,1,,1,0,59,32,18,9,21,1x 1 Special Red Card [CRI 82],
247,62,Adam Chois,Dragapult Dusknoir,31,10,3,1,,1,0,59,31,20,8,24,1x 1 Special Red Card [CRI 82],
248,64,Edwyn Mesman,Dragapult,31,10,3,1,,1,0,59,32,18,9,21,1x 1 Special Red Card [CRI 82],
249,65,Fabrizio Inga Silva,Dragapult,31,9,1,4,,1,0,59,33,17,9,22,1x 1 Special Red Card [CRI 82],
250,66,Keane Hauck,Dragapult,31,10,3,1,,1,0,59,33,17,9,22,1x 1 Special Red Card [CRI 82],
251,68,Fabien Pujol,Dragapult,31,10,3,1,,1,0,59,40,11,8,31,1x 1 Special Red Card [CRI 82],
252,71,Teja Gummadi,Ethan's Typhlosion,31,10,3,1,,1,0,59,43,11,5,25,1x 1 Special Red Card [CRI 82],
253,72,Danny Bazzi,Ogerpon Meganium Hydrapple,31,10,3,1,,1,0,59,37,8,14,23,1x 1 Special Red Card [CRI 82],
254,74,Nicolai Stiborg,Mega Lucario,31,10,3,1,,1,0,59,45,6,8,21,1x 1 Special Red Card [CRI 82],
255,75,Takuya Yoneda,Ogerpon Meganium Hydrapple,31,10,3,1,,1,0,59,37,8,14,24,1x 1 Special Red Card [CRI 82],
256,77,Aaron Arturo Aguirre Osuna,Slowking,31,10,3,1,,1,0,59,48,8,3,27,1x 1 Special Red Card [CRI 82],
257,78,Nathian Beck,Dragapult,31,10,3,1,,1,0,59,35,15,9,22,1x 1 Special Red Card [CRI 82],
258,79,Pedro Pertusi,Dragapult,31,10,3,1,,1,0,59,35,15,9,23,1x 1 Special Red Card [CRI 82],
259,80,Bradley Ireland,Alakazam Dudunsparce,31,10,3,1,,1,0,59,50,8,1,27,1x 1 Special Red Card [CRI 82],
260,82,Michael Davidson,Dragapult,31,10,3,1,,1,0,59,34,16,9,23,1x 1 Special Red Card [CRI 82],
261,83,Will Herrensmith,Dragapult Dusknoir,31,10,3,1,,1,0,59,32,19,8,24,1x 1 Special Red Card [CRI 82],
262,84,Joseph Feliciano Garcia,Dragapult,31,10,3,1,,1,0,59,34,16,9,23,1x 1 Special Red Card [CRI 82],
263,85,Edward Xiao,Dragapult,30,9,2,3,,1,0,59,34,16,9,23,1x 1 Special Red Card [CRI 82],
264,87,Christian LaBella,N's Zoroark,30,10,4,,,1,0,59,37,14,8,24,1x 1 Special Red Card [CRI 82],
265,89,Anderson George,Clefairy Ogerpon,30,10,4,,,1,0,59,33,15,11,27,1x 1 Special Red Card [CRI 82],
266,90,Daniel Lin,N's Zoroark,30,10,4,,,1,0,59,38,13,8,24,1x 1 Special Red Card [CRI 82],
267,93,Taisei Ito,Dragapult Dusknoir,30,9,2,3,,1,0,59,33,18,8,26,1x 1 Special Red Card [CRI 82],
268,94,Justin Templer,Dragapult,30,10,4,,,1,0,59,34,16,9,23,1x 1 Special Red Card [CRI 82],
269,95,Julio Sánchez Rodríguez,Dragapult,30,10,4,,,1,0,59,33,17,9,22,1x 1 Special Red Card [CRI 82],
270,96,Alex Mullen,Dragapult,30,9,2,3,,1,0,59,33,17,9,22,1x 1 Special Red Card [CRI 82],
271,97,Calvin Jian,Dragapult,30,10,4,,,1,0,59,33,17,9,23,1x 1 Special Red Card [CRI 82],
272,100,Sammy Goldschein,Dragapult,30,10,4,,,1,0,59,33,17,9,22,1x 1 Special Red Card [CRI 82],
273,101,Jerry Sheng,Dragapult,30,9,2,3,,1,0,59,32,18,9,20,1x 1 Special Red Card [CRI 82],
274,107,Harrison Browning,Crustle,30,10,4,,,1,0,59,50,7,2,27,1x 1 Pokémon Center Lady [MEG 123],
275,109,Kian Amini,Dragapult,29,9,3,2,,1,0,59,34,16,9,23,1x 1 Special Red Card [CRI 82],
276,112,Paulo Ferraz,Dragapult,29,9,3,2,,1,0,59,35,15,9,24,1x 1 Special Red Card [CRI 82],
277,113,David Walerian Rzepka,Dragapult Dusknoir,29,9,3,2,,1,0,59,31,20,8,23,1x 1 Special Red Card [CRI 82],
278,116,Rob Werner,Dragapult,29,9,3,2,,1,0,59,33,17,9,22,1x 1 Special Red Card [CRI 82],
279,118,Piper Lepine,Dragapult,29,9,3,2,,1,0,59,38,12,9,25,1x 1 Special Red Card [CRI 82],
280,119,Jose Ordaz,Alakazam Dudunsparce,29,9,3,2,,1,0,59,46,11,2,27,1x 1 Special Red Card [CRI 82],
281,121,Gustavo Wada,Dragapult Dusknoir,29,9,3,2,,1,0,59,31,20,8,24,1x 1 Special Red Card [CRI 82],
282,123,Aaron Edwards,Dragapult,29,9,3,2,,1,0,59,33,18,8,24,1x 1 Special Red Card [CRI 82],
283,124,Richard Yannow,Dragapult,29,9,3,2,,1,0,59,34,16,9,23,1x 1 Special Red Card [CRI 82],
284,125,Orlando Karam,Dragapult,29,9,3,2,,1,0,59,33,17,9,23,1x 1 Special Red Card [CRI 82],
285,126,Bradley Curcio,Dragapult,29,9,3,2,,1,0,59,36,14,9,23,1x 1 Special Red Card [CRI 82],
286,127,Hayden Selvera,Crustle,29,9,3,2,,1,0,59,49,10,0,23,1x 1 Pokémon Center Lady [MEG 123],
287,128,Andrew Choi,Grimmsnarl Froslass,29,9,3,2,,1,0,59,39,11,9,22,1x 1 Special Red Card [CRI 82],
288,130,Samuele Roma,Dragapult,29,9,3,2,,1,0,59,34,16,9,22,1x 1 Special Red Card [CRI 82],
289,132,Truwin Tran,Crustle,29,9,3,2,,1,0,59,52,6,1,26,1x 1 Pokémon Center Lady [MEG 123],
290,134,Francisco Toloza,Slowking,29,9,3,2,,1,0,59,45,10,4,25,1x 1 Special Red Card [CRI 82],
291,135,Jacob Peltier,Rocket's Mewtwo,29,9,3,2,,1,0,59,44,8,7,22,1x 1 Prism Tower [CRI 80],
292,136,William Azevedo,Dragapult,29,9,3,2,,1,0,59,35,15,9,23,1x 1 Special Red Card [CRI 82],
293,139,Daniel Giger,Raging Bolt Ogerpon,29,9,3,2,,1,0,59,31,13,15,25,1x 1 Special Red Card [CRI 82],
294,140,Ethan Hoang,Dragapult,29,9,3,2,,1,0,59,35,15,9,24,1x 1 Special Red Card [CRI 82],
295,141,Dennis Peroff,Dragapult Dusknoir,29,9,3,2,,1,0,59,31,20,8,24,1x 1 Special Red Card [CRI 82],
296,142,Adrian Villapudua,Dragapult,29,9,3,2,,1,0,59,35,16,8,25,1x 1 Special Red Card [CRI 82],
297,143,Shuto Kogawa,Dragapult Blaziken,29,9,3,2,,1,0,59,38,13,8,27,1x 1 Special Red Card [CRI 82],
298,144,Bulin Zheng,Dragapult,29,9,3,2,,1,0,59,35,15,9,24,1x 1 Special Red Card [CRI 82],
299,146,Michelle Messinger,Ogerpon Meganium Hydrapple,29,9,3,2,,1,0,59,39,7,13,25,1x 1 Special Red Card [CRI 82],
300,147,Mustafa Tobah,Crustle,29,9,3,2,,1,0,59,52,6,1,26,1x 1 Pokémon Center Lady [MEG 123],
301,148,Saumit Kukkadapu,Dragapult,29,9,3,2,,1,0,59,38,12,9,25,1x 1 Special Red Card [CRI 82],
302,150,Malachi Ryder,Dragapult,29,9,3,2,,1,0,59,32,18,9,21,1x 1 Special Red Card [CRI 82],
303,154,Benjamin Valenzuela,Dragapult,29,9,3,2,,1,0,59,33,17,9,22,1x 1 Special Red Card [CRI 82],
304,156,David Cohen,Dragapult,29,9,3,2,,1,0,59,34,16,9,23,1x 1 Special Red Card [CRI 82],
305,157,Cristiano Castaneda,Dragapult,29,9,3,2,,1,0,59,32,18,9,21,1x 1 Special Red Card [CRI 82],
306,160,Oscar Chen,Rocket's Mewtwo,29,9,3,2,,1,0,59,46,6,7,27,1x 1 Prism Tower [CRI 80],
307,161,Jeremy Gumila,Dragapult,29,9,3,2,,1,0,59,33,17,9,22,1x 1 Special Red Card [CRI 82],
308,163,Rusbel Castillo,Dragapult Dusknoir,29,9,3,2,,1,0,59,32,20,7,25,1x 1 Special Red Card [CRI 82],
309,166,Vaughn Weber,Dragapult,29,9,3,2,,1,0,59,32,18,9,21,1x 1 Special Red Card [CRI 82],
310,167,Jared De Guzman,Dragapult,28,9,4,1,,1,0,59,33,16,10,22,1x 1 Special Red Card [CRI 82],
311,168,Rafal Gladysz,Dragapult,28,8,2,4,,1,0,59,33,17,9,22,1x 1 Special Red Card [CRI 82],
312,174,Julius Kerkis,Dragapult Dusknoir,28,9,4,1,,1,0,59,31,21,7,24,1x 1 Special Red Card [CRI 82],
313,176,Cameron Cloughley,Dragapult,28,9,4,1,,1,0,59,32,18,9,21,1x 1 Special Red Card [CRI 82],
314,178,Ilan Louboff,Dragapult,28,9,4,1,,1,0,59,33,17,9,22,1x 1 Special Red Card [CRI 82],
315,179,Gabriel Cruz,Dragapult Blaziken,28,9,4,1,,1,0,59,39,12,8,28,1x 1 Special Red Card [CRI 82],
316,180,Grant Gellately,Dragapult,28,9,4,1,,1,0,59,34,17,8,23,1x 1 Special Red Card [CRI 82],
317,181,Isaiah Cheville,Dragapult,28,8,2,4,,1,0,59,34,16,9,23,1x 1 Special Red Card [CRI 82],
318,183,Jon Bieligk,Dragapult,28,9,4,1,,1,0,59,32,18,9,21,1x 1 Special Red Card [CRI 82],
319,187,Clayton Tuggle,Alakazam Dudunsparce,28,9,4,1,,1,0,59,49,9,1,26,1x 1 Special Red Card [CRI 82],
320,188,Tyler Brady,Dragapult,28,9,4,1,,1,0,59,34,16,9,22,1x 1 Special Red Card [CRI 82],
321,189,Ian Gridley,Dragapult,28,9,4,1,,1,0,59,32,18,9,21,1x 1 Special Red Card [CRI 82],
322,195,Riley Malik,Dragapult,28,9,4,1,,1,0,59,33,17,9,21,1x 1 Special Red Card [CRI 82],
323,196,Aneil Saini,Dragapult,28,9,4,1,,1,0,59,34,16,9,23,1x 1 Special Red Card [CRI 82],
324,197,William Sanders,Dragapult,28,9,4,1,,1,0,59,34,16,9,22,1x 1 Special Red Card [CRI 82],
325,198,Adam Marshall,N's Zoroark,28,9,4,1,,1,0,59,39,12,8,24,1x 1 Special Red Card [CRI 82],
326,200,James Pickeral,N's Zoroark,28,9,4,1,,1,0,59,42,10,7,25,1x 1 Special Red Card [CRI 82],
327,201,Alex Meeks,Dragapult,28,9,4,1,,1,0,59,34,16,9,23,1x 1 Special Red Card [CRI 82],
328,202,Dylan Higgins,Dragapult Dusknoir,28,9,4,1,,1,0,59,31,20,8,24,1x 1 Special Red Card [CRI 82],
329,204,Adam Pickeral,Dragapult,28,9,4,1,,1,0,59,33,17,9,23,1x 1 Special Red Card [CRI 82],
330,205,Hunter Hawkins,Dragapult,28,9,4,1,,1,0,59,33,17,9,21,1x 1 Special Red Card [CRI 82],
331,207,Aaron West,Dragapult Dusknoir,28,9,4,1,,1,0,59,32,19,8,25,1x 1 Special Red Card [CRI 82],
332,208,Jordan Nelle,Dragapult,28,9,4,1,,1,0,59,33,17,9,21,1x 1 Special Red Card [CRI 82],
333,209,Marco Aurelio Fernandes Garcia,Dragapult Dusknoir,28,9,4,1,,1,0,59,33,18,8,25,1x 1 Special Red Card [CRI 82],
334,210,Brandon Davis,N's Zoroark,28,9,4,1,,1,0,59,36,15,8,25,1x 1 Special Red Card [CRI 82],
335,212,Max Kunde,Dragapult,28,9,4,1,,1,0,59,32,18,9,21,1x 1 Special Red Card [CRI 82],
336,213,David Ruther,Ogerpon Meganium Hydrapple,28,9,4,1,,1,0,59,38,8,13,23,1x 1 Special Red Card [CRI 82],
337,214,Nico Gist,Dragapult,28,9,4,1,,1,0,59,33,17,9,23,1x 1 Special Red Card [CRI 82],
338,217,Bodhi Robinson,Dragapult,28,9,4,1,,1,0,59,38,12,9,25,1x 1 Special Red Card [CRI 82],
339,218,Evelyn Estridge,Dragapult,28,9,4,1,,1,0,59,34,16,9,23,1x 1 Special Red Card [CRI 82],
340,220,Max Van Hoof,Dragapult,28,9,4,1,,1,0,59,34,16,9,22,1x 1 Special Red Card [CRI 82],
341,221,Rain Keuma,Crustle,28,9,4,1,,1,0,59,49,9,1,24,1x 1 Pokémon Center Lady [MEG 123],
342,222,Anastazja Clappison,Ogerpon Meganium Hydrapple,28,9,4,1,,1,0,59,38,8,13,23,1x 1 Special Red Card [CRI 82],
343,224,Matthew Lu,Dragapult,28,9,4,1,,1,0,59,35,15,9,24,1x 1 Special Red Card [CRI 82],
344,225,Wyatt Triplett,Lucario Hariyama,28,9,4,1,,1,0,59,39,10,10,23,1x 1 Special Red Card [CRI 82],
345,226,Matthew Padget,Dragapult,28,9,4,1,,1,0,59,33,17,9,21,1x 1 Special Red Card [CRI 82],
346,230,Michael Vamos,Dragapult,28,9,4,1,,1,0,59,35,15,9,22,1x 1 Special Red Card [CRI 82],
347,231,Lucas Thiele,Dragapult,28,9,4,1,,1,0,59,33,17,9,22,1x 1 Special Red Card [CRI 82],
348,233,Kevin Lin,Grimmsnarl Froslass,27,8,3,3,,1,0,59,37,13,9,22,1x 1 Special Red Card [CRI 82],
349,234,Kyle Lesniewicz,Dragapult Dusknoir,27,9,5,,,1,0,59,35,16,8,25,1x 1 Special Red Card [CRI 82],
350,236,Christian D'Onofrio,Dragapult,27,8,3,3,,1,0,59,34,16,9,22,1x 1 Special Red Card [CRI 82],
351,238,Andrew Weiss,Dragapult,27,8,3,3,,1,0,59,33,17,9,22,1x 1 Special Red Card [CRI 82],
352,240,Kenneth Hayes,Dragapult,27,8,3,3,,1,0,59,32,18,9,21,1x 1 Special Red Card [CRI 82],
353,242,Ventura Quiñones,Dragapult,27,8,3,3,,1,0,59,34,16,9,22,1x 1 Special Red Card [CRI 82],
354,247,David Dong,Dragapult,27,9,5,,,1,0,59,33,17,9,22,1x 1 Special Red Card [CRI 82],
355,250,Shinichi Yoneda,Dragapult,27,8,3,3,,1,0,59,33,16,10,23,1x 1 Special Red Card [CRI 82],
356,251,George Cameron,Dragapult Dusknoir,27,9,5,,,1,0,59,34,16,9,24,1x 1 Special Red Card [CRI 82],
357,252,Drew Cate,Metagross,27,8,3,3,,1,0,59,32,10,17,24,1x 1 Special Red Card [CRI 82],
358,253,Jesus Bautista,N's Zoroark,27,8,3,3,,1,0,59,37,14,8,26,1x 1 Special Red Card [CRI 82],
359,254,Samuel Gay,Dragapult,27,8,3,3,,1,0,59,33,17,9,23,1x 1 Special Red Card [CRI 82],
360,255,Daniel Tanney,Dragapult Dusknoir,27,8,3,3,,1,0,59,33,19,7,26,1x 1 Special Red Card [CRI 82],
361,257,Matt Chuang,Dragapult,27,9,5,,,1,0,59,38,12,9,25,1x 1 Special Red Card [CRI 82],
362,258,Alexys Rodriguez,Dragapult Dusknoir,27,9,5,,,1,0,59,32,19,8,26,1x 1 Special Red Card [CRI 82],
363,259,David Zheng,Dragapult Dusknoir,27,8,3,3,,1,0,59,31,20,8,24,1x 1 Special Red Card [CRI 82],
364,261,Ashish Puri,Ogerpon Meganium Hydrapple,27,8,3,3,,1,0,59,37,8,14,23,1x 1 Special Red Card [CRI 82],
365,262,Jason Schmidt,Metagross,27,8,3,3,,1,0,59,32,10,17,24,1x 1 Special Red Card [CRI 82],
366,264,Marc Perry,Dragapult,27,8,3,3,,1,0,59,33,17,9,22,1x 1 Special Red Card [CRI 82],
367,265,Toni Ibarra,Dragapult,27,9,5,,,1,0,59,35,15,9,24,1x 1 Special Red Card [CRI 82],
368,269,Francesco Moscillo,Dragapult,27,8,3,3,,1,0,59,33,17,9,21,1x 1 Special Red Card [CRI 82],
369,270,Jaime Garcia,Dragapult,27,8,3,3,,1,0,59,34,16,9,22,1x 1 Special Red Card [CRI 82],
370,272,Brooke English,Dragapult,26,8,4,2,,1,0,59,33,17,9,22,1x 1 Special Red Card [CRI 82],
371,273,Yunrong Cai,Dragapult,26,8,4,2,,1,0,59,34,16,9,23,1x 1 Special Red Card [CRI 82],
372,274,Guillermo Barrios,Dragapult,26,8,4,2,,1,0,59,36,13,10,24,1x 1 Special Red Card [CRI 82],
373,275,Patrick Rampton,Crustle,26,8,4,2,,1,0,59,47,6,6,25,1x 1 Pokémon Center Lady [MEG 123],
374,277,Jace Lavi,Dragapult,26,8,4,2,,1,0,59,33,17,9,22,1x 1 Special Red Card [CRI 82],
375,278,Ryan Miller,Dragapult,26,8,4,2,,1,0,59,38,12,9,25,1x 1 Special Red Card [CRI 82],
376,279,Simone Canziani,Dragapult,26,7,2,5,,1,0,59,34,16,9,22,1x 1 Special Red Card [CRI 82],
377,280,Vincent Vuong,Alakazam Dudunsparce,26,8,4,2,,1,0,59,50,8,1,27,1x 1 Special Red Card [CRI 82],
378,282,Michael Jelderian,Dragapult Dusknoir,26,8,4,2,,1,0,59,32,19,8,24,1x 1 Special Red Card [CRI 82],
379,283,Haruto Fujita,Dragapult Dusknoir,26,8,4,2,,1,0,59,33,18,8,25,1x 1 Special Red Card [CRI 82],
380,284,Matthew DePonceau,Mega Lucario,26,8,4,2,,1,0,59,42,9,8,24,1x 1 Special Red Card [CRI 82],
381,285,Oziel Cuellar,Dragapult,26,8,4,2,,1,0,59,35,15,9,25,1x 1 Special Red Card [CRI 82],
382,287,Matthew Mahon,Dragapult,26,8,4,2,,1,0,59,34,16,9,22,1x 1 Special Red Card [CRI 82],
383,288,James Harding,Dragapult,26,8,4,2,,1,0,59,34,16,9,21,1x 1 Special Red Card [CRI 82],
384,289,Micah Olton,Dragapult,26,8,4,2,,1,0,59,35,15,9,22,1x 1 Special Red Card [CRI 82],
385,290,Stuart Sakaluk,Dragapult,26,7,2,5,,1,0,59,33,17,9,22,1x 1 Special Red Card [CRI 82],
386,291,Justin Brothers,N's Zoroark,26,8,4,2,,1,0,59,37,14,8,23,1x 1 Special Red Card [CRI 82],
387,293,Jonathan Ruiz,N's Zoroark,26,8,4,2,,1,0,59,36,15,8,24,1x 1 Special Red Card [CRI 82],
388,294,Ethan Wray,Dragapult Dudunsparce,26,8,4,2,,1,0,59,38,12,9,23,1x 1 Special Red Card [CRI 82],
389,295,Aidan Khus,Dragapult,26,8,4,2,,1,0,59,36,14,9,26,1x 1 Special Red Card [CRI 82],
390,296,Daniel Zhou,Dragapult,26,8,4,2,,1,0,59,34,16,9,23,1x 1 Special Red Card [CRI 82],
391,297,Victor Lam,Metagross,26,8,4,2,,1,0,59,33,10,16,25,1x 1 Special Red Card [CRI 82],
392,298,Alex Cowen,Dragapult,26,8,4,2,,1,0,59,33,17,9,22,1x 1 Special Red Card [CRI 82],
393,300,Anon Cheewakarn,Dragapult,26,8,4,2,,1,0,59,34,16,9,23,1x 1 Special Red Card [CRI 82],
394,302,Matt Bacnis,Ogerpon Meganium Hydrapple,26,8,4,2,,1,0,59,39,7,13,25,1x 1 Special Red Card [CRI 82],
395,303,Diego Martinez Garza,Dragapult,26,8,4,2,,1,0,59,34,15,10,22,1x 1 Special Red Card [CRI 82],
396,305,Imad Khan,N's Zoroark,26,8,4,2,,1,0,59,38,13,8,29,1x 1 Special Red Card [CRI 82],
397,308,Irvin De Los Rios,Dragapult Dusknoir,26,8,4,2,,1,0,59,33,19,7,26,1x 1 Special Red Card [CRI 82],
398,309,Amani Edwards,Mega Lucario,26,8,4,2,,1,0,59,45,7,7,23,1x 1 Special Red Card [CRI 82],
399,310,Anthony Watanabe,Dragapult,26,8,4,2,,1,0,59,33,17,9,22,1x 1 Special Red Card [CRI 82],
400,311,Samuel Sun,Dragapult,26,8,4,2,,1,0,59,33,17,9,22,1x 1 Special Red Card [CRI 82],
401,313,Weston Gibbon,Cynthia's Garchomp,26,8,4,2,,1,0,59,49,6,4,22,1x 1 Special Red Card [CRI 82],
402,315,Priyam Patel,Dragapult,26,8,4,2,,1,0,59,33,17,9,23,1x 1 Special Red Card [CRI 82],
403,317,Carlos Fuentes,Dragapult,26,8,4,2,,1,0,59,35,15,9,24,1x 1 Special Red Card [CRI 82],
404,318,Gwen Tran,Dragapult,26,8,4,2,,1,0,59,34,16,9,22,1x 1 Special Red Card [CRI 82],
405,319,Jeff Heimann,Rocket's Mewtwo,26,8,4,2,,1,0,59,44,9,6,26,1x 1 Special Red Card [CRI 82],
406,321,Anthony Thiessen,Alakazam Dudunsparce,26,8,4,2,,1,0,59,52,6,1,25,1x 1 Special Red Card [CRI 82],
407,327,Matthew Newton,N's Zoroark,26,8,4,2,,1,0,59,38,13,8,24,1x 1 Special Red Card [CRI 82],
408,329,Reno Bernardo,Dragapult Blaziken,26,8,4,2,,1,0,59,38,13,8,27,1x 1 Special Red Card [CRI 82],
409,331,Jose Roberto Cabriales de Hoyos,Alakazam Dudunsparce,26,8,4,2,,1,0,59,50,8,1,25,1x 1 Special Red Card [CRI 82],
410,334,Octavio Rojo Morales,Dragapult,26,8,4,2,,1,0,59,34,16,9,23,1x 1 Special Red Card [CRI 82],
411,337,Ryan Dingle,Festival Lead,26,8,4,2,,1,0,59,47,7,5,26,1x 1 Special Red Card [CRI 82],
412,339,Luke Paul,Crustle,26,8,4,2,,1,0,59,48,10,1,24,1x 1 Pokémon Center Lady [MEG 123],
413,340,Brian McCoy,Dragapult Dusknoir,26,8,4,2,,1,0,59,32,19,8,25,1x 1 Special Red Card [CRI 82],
414,342,Kristopher Kemp,Alakazam Dudunsparce,26,8,4,2,,1,0,59,50,8,1,25,1x 1 Special Red Card [CRI 82],
415,343,Elizabeth Barbera,Dragapult,26,8,4,2,,1,0,59,34,16,9,23,1x 1 Special Red Card [CRI 82],
416,345,Stephen Medel,Dragapult Blaziken,26,8,4,2,,1,0,59,38,13,8,28,1x 1 Special Red Card [CRI 82],
417,350,Konstantinos Kousidis,Crustle,25,8,5,1,,1,0,59,48,10,1,23,1x 1 Pokémon Center Lady [MEG 123],
418,352,Ben Kim,Dragapult,25,7,3,4,,1,0,59,33,17,9,23,1x 1 Special Red Card [CRI 82],
419,353,Lance Boilard,Ogerpon Meganium Hydrapple,25,8,5,1,,1,0,59,38,8,13,23,1x 1 Special Red Card [CRI 82],
420,354,Benjamin Menzner,Dragapult Blaziken,25,7,3,4,,1,0,59,37,14,8,27,1x 1 Special Red Card [CRI 82],
421,355,Walker Snedaker,Dragapult,25,8,5,1,,1,0,59,35,15,9,24,1x 1 Special Red Card [CRI 82],
422,356,James Juliano,Ogerpon Meganium Hydrapple,25,8,5,1,,1,0,59,37,8,14,25,1x 1 Special Red Card [CRI 82],
423,357,Joseph Tajaran,Dragapult,25,8,5,1,,1,0,59,34,16,9,24,1x 1 Special Red Card [CRI 82],
424,358,George Guice,Dragapult Blaziken,25,7,3,4,,1,0,59,38,13,8,28,1x 1 Special Red Card [CRI 82],
425,359,Eduardo Melendez,N's Zoroark,25,7,3,4,,1,0,59,38,13,8,23,1x 1 Special Red Card [CRI 82],
426,362,Jayden Martin,Dragapult Dusknoir,25,8,5,1,,1,0,59,33,18,8,26,1x 1 Special Red Card [CRI 82],
427,363,Mason Liu,Dragapult,25,8,5,1,,1,0,59,34,16,9,23,1x 1 Special Red Card [CRI 82],
428,364,Daniel Altavilla,Dragapult,25,8,5,1,,1,0,59,36,14,9,23,1x 1 Special Red Card [CRI 82],
429,365,Mike Spaits,Kangaskhan Bouffalant,25,8,5,1,,1,0,59,43,8,8,28,1x 1 Special Red Card [CRI 82],
430,366,Chase Davis,Dragapult,25,8,5,1,,1,0,59,34,16,9,23,1x 1 Special Red Card [CRI 82],
431,367,Ethan Whitney,Dragapult,25,8,5,1,,1,0,59,33,17,9,21,1x 1 Special Red Card [CRI 82],
432,368,Mateus Portilho,Dragapult Blaziken,25,8,5,1,,1,0,59,38,13,8,26,1x 1 Special Red Card [CRI 82],
433,369,Zack Martin,Ogerpon Meganium Hydrapple,25,7,3,4,,1,0,59,38,8,13,24,1x 1 Special Red Card [CRI 82],
434,373,Victor de Velasco,Dragapult,25,8,5,1,,1,0,59,37,13,9,24,1x 1 Special Red Card [CRI 82],
435,375,Nicholas Pursley,Dragapult,25,8,5,1,,1,0,59,34,16,9,23,1x 1 Special Red Card [CRI 82],
436,377,William Raymond,Rocket's Honchkrow,25,8,5,1,,1,0,59,55,4,0,19,1x 1 Special Red Card [CRI 82],
437,380,Tony Santos,Dragapult,25,7,3,4,,1,0,59,34,16,9,23,1x 1 Special Red Card [CRI 82],
438,381,Hubert Zhang,Dragapult,25,7,3,4,,1,0,59,33,17,9,23,1x 1 Special Red Card [CRI 82],
439,382,Noah Wagner-Carlberg,Alakazam Dudunsparce,25,7,3,4,,1,0,59,49,9,1,26,1x 1 Special Red Card [CRI 82],
440,385,Aaron Tirona,Dragapult Dusknoir,25,8,5,1,,1,0,59,33,18,8,27,1x 1 Special Red Card [CRI 82],
441,388,Maxim Korobov,Basic Box,25,8,5,1,,1,0,59,31,13,15,27,1x 1 Special Red Card [CRI 82],
442,389,Brant Lesher,Crustle,25,7,3,4,,1,0,59,48,10,1,23,1x 1 Pokémon Center Lady [MEG 123],
443,390,Adam Waller,Dragapult,25,7,3,4,,1,0,59,33,17,9,24,1x 1 Special Red Card [CRI 82],
444,391,Benjamin Wilhelm,Grimmsnarl Froslass,25,8,5,1,,1,0,59,38,12,9,22,1x 1 Special Red Card [CRI 82],
445,392,Brendan Currier,Dragapult,25,8,5,1,,1,0,59,33,17,9,21,1x 1 Special Red Card [CRI 82],
446,394,Douglas Mendoza,N's Zoroark,25,8,5,1,,1,0,59,35,16,8,21,1x 1 Special Red Card [CRI 82],
447,396,Aiden Tripi,Dragapult Dusknoir,25,8,5,1,,1,0,59,31,20,8,24,1x 1 Special Red Card [CRI 82],
448,397,Joshua Hipsher,Raging Bolt Ogerpon,25,8,5,1,,1,0,59,32,13,14,26,1x 1 Special Red Card [CRI 82],
449,398,Gaer Garduno,Dragapult,25,8,5,1,,1,0,59,35,15,9,25,1x 1 Special Red Card [CRI 82],
450,399,Anthony Lopez,N's Zoroark,25,8,5,1,,1,0,59,39,12,8,25,1x 1 Special Red Card [CRI 82],
451,400,Jack Lea,Dragapult Froslass,25,8,5,1,,1,0,59,39,11,9,24,1x 1 Special Red Card [CRI 82],
452,402,Alex Bortolini,Dragapult,25,8,5,1,,1,0,59,33,17,9,21,1x 1 Special Red Card [CRI 82],
453,403,Matthew Suarez,Dragapult,25,7,3,4,,1,0,59,34,16,9,22,1x 1 Special Red Card [CRI 82],
454,404,Julio Santos De Leon,Dragapult,25,8,5,1,,1,0,59,33,17,9,23,1x 1 Special Red Card [CRI 82],
455,405,Michael Bio,Dragapult,25,7,3,4,,1,0,59,34,16,9,23,1x 1 Special Red Card [CRI 82],
456,406,Tucker Bethune,Dragapult,25,7,3,4,,1,0,59,34,16,9,22,1x 1 Special Red Card [CRI 82],
457,408,Evan Cole,Lopunny Dudunsparce,25,7,3,4,,1,0,59,46,10,3,25,1x 1 Special Red Card [CRI 82],
458,409,Jack Wong,Dragapult,25,7,3,4,,1,0,59,34,16,9,22,1x 1 Special Red Card [CRI 82],
459,411,Joshua Sanchez,Dragapult,25,7,3,4,,1,0,59,33,17,9,22,1x 1 Special Red Card [CRI 82],
460,412,Lucas Oldale,Dragapult Dusknoir,25,8,5,1,,1,0,59,35,17,7,26,1x 1 Special Red Card [CRI 82],
461,413,Carter Goodrich,Dragapult Dudunsparce,25,8,5,1,,1,0,59,39,11,9,25,1x 1 Special Red Card [CRI 82],
462,415,Donald Cao,Dragapult,25,8,5,1,,1,0,59,33,17,9,23,1x 1 Special Red Card [CRI 82],
463,416,Rolando Flores Estrada,Dragapult,25,8,5,1,,1,0,59,34,17,8,24,1x 1 Special Red Card [CRI 82],
464,417,Michael Nguyen,Dragapult,25,8,5,1,,1,0,59,33,17,9,21,1x 1 Special Red Card [CRI 82],
465,418,Trevor Rojas,Dragapult Blaziken,25,8,5,1,,1,0,59,37,14,8,25,1x 1 Special Red Card [CRI 82],
466,419,Sasha Huang,Dragapult,25,8,5,1,,1,0,59,33,17,9,22,1x 1 Special Red Card [CRI 82],
467,420,Ryan Rossell,N's Zoroark,25,8,5,1,,1,0,59,38,13,8,23,1x 1 Special Red Card [CRI 82],
468,421,Addison Yip,Alakazam Dudunsparce,25,8,5,1,,1,0,59,49,9,1,26,1x 1 Special Red Card [CRI 82],
469,422,Cesar Rodriguez,Dragapult,25,8,5,1,,1,0,59,34,16,9,23,1x 1 Special Red Card [CRI 82],
470,425,Jovad Cruz,Basic Box,25,8,5,1,,1,0,59,33,15,11,31,1x 1 Special Red Card [CRI 82],
471,426,Jesse Gaynor,Alakazam Dudunsparce,25,8,5,1,,1,0,59,51,7,1,27,1x 1 Special Red Card [CRI 82],
472,427,Josh Mills,Dragapult,25,8,5,1,,1,0,59,37,13,9,24,1x 1 Special Red Card [CRI 82],
473,430,Nathan Bussiere,Dragapult,24,8,6,,,1,0,59,33,17,9,23,1x 1 Special Red Card [CRI 82],
474,431,Logan Hendrickson,Dragapult,24,8,6,,,1,0,59,33,17,9,23,1x 1 Special Red Card [CRI 82],
475,433,Summer Zeigman,Crustle,24,7,4,3,,1,0,59,48,10,1,24,1x 1 Pokémon Center Lady [MEG 123],
476,434,Meng-Yu Wang,Festival Lead,24,7,4,3,,1,0,59,48,6,5,27,1x 1 Special Red Card [CRI 82],
477,435,Bo Zhao,Dragapult Blaziken,24,8,6,,,1,0,59,38,13,8,28,1x 1 Special Red Card [CRI 82],
478,436,Lance Bradshaw,Dragapult,24,8,6,,,1,0,59,34,16,9,22,1x 1 Special Red Card [CRI 82],
479,438,Joseph Cajas,Dragapult,24,7,4,3,,1,0,59,33,17,9,22,1x 1 Special Red Card [CRI 82],
480,439,Bryan Ortiz,Dragapult,24,7,4,3,,1,0,59,33,17,9,22,1x 1 Special Red Card [CRI 82],
481,440,Emmet Hurley,Dragapult,24,7,4,3,,1,0,59,34,16,9,22,1x 1 Special Red Card [CRI 82],
482,441,Adewale Adeleke,Dragapult,24,8,6,,,1,0,59,34,16,9,23,1x 1 Special Red Card [CRI 82],
483,442,Anthony Ouertani,Dragapult,24,7,4,3,,1,0,59,33,17,9,22,1x 1 Special Red Card [CRI 82],
484,444,Joseph Maressa,Dragapult,24,7,4,3,,1,0,59,32,18,9,21,1x 1 Special Red Card [CRI 82],
485,447,Mason Bowser,Dragapult,24,7,4,3,,1,0,59,34,17,8,24,1x 1 Special Red Card [CRI 82],
486,449,Kento Ochi,Crustle,24,7,4,3,,1,0,59,52,6,1,26,1x 1 Pokémon Center Lady [MEG 123],
487,450,Iain Harding,Dragapult,24,7,4,3,,1,0,59,38,12,9,25,1x 1 Special Red Card [CRI 82],
488,451,Trenton Ross,Dragapult,24,7,4,3,,1,0,59,33,17,9,22,1x 1 Special Red Card [CRI 82],
489,452,Fabian Lomeli,Dragapult,24,7,4,3,,1,0,59,35,15,9,23,1x 1 Special Red Card [CRI 82],
490,454,Charles Collier,Dragapult Dusknoir,24,8,6,,,1,0,59,34,17,8,27,1x 1 Special Red Card [CRI 82],
491,456,Zach Elliott,Dragapult,24,8,6,,,1,0,59,33,17,9,21,1x 1 Special Red Card [CRI 82],
492,457,Conan Craig,Dragapult Dusknoir,24,6,2,6,,1,0,59,31,20,8,24,1x 1 Special Red Card [CRI 82],
493,458,Brandon Vo,Dragapult,24,8,6,,,1,0,59,34,16,9,23,1x 1 Special Red Card [CRI 82],
494,460,Jackson Rowley,Crustle,24,6,2,6,,1,0,59,47,6,6,25,1x 1 Pokémon Center Lady [MEG 123],
495,462,Pedro Hernandez,Slowking,24,7,4,3,,1,0,59,45,11,3,26,1x 1 Special Red Card [CRI 82],
496,463,Christian Park,Dragapult,24,7,4,3,,1,0,59,32,18,9,22,1x 1 Special Red Card [CRI 82],
497,464,Ashley Freije,Dragapult Blaziken,24,7,4,3,,1,0,59,38,13,8,27,1x 1 Special Red Card [CRI 82],
498,465,David Coates,Dragapult,24,7,4,3,,1,0,59,35,15,9,24,1x 1 Special Red Card [CRI 82],
499,467,Ezra Hoon,Dragapult,24,7,4,3,,1,0,59,34,16,9,22,1x 1 Special Red Card [CRI 82],
500,470,Curt Wong,N's Zoroark,24,7,4,3,,1,0,59,39,12,8,23,1x 1 Special Red Card [CRI 82],
501,473,Albert Wang,Dragapult,24,7,4,3,,1,0,59,34,16,9,24,1x 1 Special Red Card [CRI 82],
502,475,Nick Dela Torre,Dragapult Dusknoir,23,7,5,2,,1,0,59,33,18,8,26,1x 1 Special Red Card [CRI 82],
503,476,Alejandro Mena,Dragapult,23,7,5,2,,1,0,59,35,15,9,24,1x 1 Special Red Card [CRI 82],
504,478,Matt Bridges,Basic Box,23,7,5,2,,1,0,59,31,13,15,25,1x 1 Special Red Card [CRI 82],
505,479,Jake Blandina,Dragapult,23,6,3,5,,1,0,59,33,17,9,22,1x 1 Special Red Card [CRI 82],
506,483,Moon Nordvall,Dragapult Blaziken,23,7,5,2,,1,0,59,38,13,8,27,1x 1 Special Red Card [CRI 82],
507,485,Kraig Martin,Ogerpon Meganium Hydrapple,23,7,5,2,,1,0,59,37,8,14,27,1x 1 Special Red Card [CRI 82],
508,486,Zach Bates,Ogerpon Meganium Hydrapple,23,7,5,2,,1,0,59,37,9,13,23,1x 1 Special Red Card [CRI 82],
509,487,Albert Centeno,Ogerpon Meganium Hydrapple,23,7,5,2,,1,0,59,39,7,13,25,1x 1 Special Red Card [CRI 82],
510,488,Stephen Alvarado,Alakazam Dudunsparce,23,7,5,2,,1,0,59,51,7,1,27,1x 1 Special Red Card [CRI 82],
511,493,Héctor Xavier Rodríguez Franco,Dragapult,23,7,5,2,,1,0,59,34,16,9,22,1x 1 Special Red Card [CRI 82],
512,494,Adam Lester,Dragapult,23,7,5,2,,1,0,59,34,16,9,22,1x 1 Special Red Card [CRI 82],
513,499,Delong Nguyenthanh,Basic Box,23,7,5,2,,1,0,59,32,17,10,26,1x 1 Special Red Card [CRI 82],
514,500,Patrick Granda,Alakazam Dudunsparce,23,7,5,2,,1,0,59,48,10,1,28,1x 1 Special Red Card [CRI 82],
515,504,Will Garcia Ii,Cynthia's Garchomp,23,7,5,2,,1,0,59,51,5,3,21,1x 1 Special Red Card [CRI 82],
516,505,David Li,Dragapult,23,7,5,2,,1,0,59,33,17,9,23,1x 1 Special Red Card [CRI 82],
517,506,Porter Beland,Dragapult,23,7,5,2,,1,0,59,33,16,10,22,1x 1 Special Red Card [CRI 82],
518,512,Ryan Hughes,Dragapult,23,7,5,2,,1,0,59,34,16,9,21,1x 1 Special Red Card [CRI 82],
519,514,Chris Gaar,Dragapult,23,7,5,2,,1,0,59,35,15,9,23,1x 1 Special Red Card [CRI 82],
520,515,Michael Tague,Dragapult,23,6,3,5,,1,0,59,34,16,9,22,1x 1 Special Red Card [CRI 82],
521,516,Bryan Umana,Dragapult,23,7,5,2,,1,0,59,32,18,9,21,1x 1 Special Red Card [CRI 82],
522,517,Will Wallace,Dragapult,23,7,5,2,,1,0,59,36,14,9,24,1x 1 Special Red Card [CRI 82],
523,518,Angelo Robinson,Ogerpon Meganium Arboliva,23,7,5,2,,1,0,59,37,11,11,26,1x 1 Special Red Card [CRI 82],
524,519,Thaynann Felix,Dragapult,23,7,5,2,,1,0,59,33,17,9,22,1x 1 Special Red Card [CRI 82],
525,521,Sam Downs,Dragapult,23,7,5,2,,1,0,59,38,12,9,27,1x 1 Special Red Card [CRI 82],
526,522,Andrew Sams,Ogerpon Meganium Hydrapple,23,7,5,2,,1,0,59,39,8,12,24,1x 1 Special Red Card [CRI 82],
527,524,Samuel Braxton,Dragapult Dusknoir,23,7,5,2,,1,0,59,33,18,8,27,1x 1 Special Red Card [CRI 82],
528,525,Bobby Ou,Dragapult,23,7,5,2,,1,0,59,36,15,8,26,1x 1 Special Red Card [CRI 82],
529,527,Jorge Chavez,Dragapult Dusknoir,23,7,5,2,,1,0,59,34,17,8,26,1x 1 Special Red Card [CRI 82],
530,529,Cody Walker,Ogerpon Meganium Hydrapple,23,7,5,2,,1,0,59,38,7,14,24,1x 1 Special Red Card [CRI 82],
531,530,Michael Patino,Dragapult Blaziken,23,7,5,2,,1,0,59,37,14,8,25,1x 1 Special Red Card [CRI 82],
532,532,Asher Donham,Kangaskhan Bouffalant,23,7,5,2,,1,0,59,40,7,12,30,1x 1 AZ's Tranquility [CRI 76],
533,533,Luis Ernesto Valenzuela Rios,Dragapult Blaziken,23,7,5,2,,1,0,59,39,12,8,28,1x 1 Special Red Card [CRI 82],
534,534,Matthew Reed,Alakazam Dudunsparce,22,6,4,4,,1,0,59,51,7,1,25,1x 1 Special Red Card [CRI 82],
535,537,Jack Beecher,Dragapult Dusknoir,22,7,6,1,,1,0,59,31,20,8,23,1x 1 Special Red Card [CRI 82],
536,539,Dan Brooks,Dragapult Dusknoir,22,7,6,1,,1,0,59,34,17,8,25,1x 1 Special Red Card [CRI 82],
537,540,Nick Sinclair,Dragapult,22,7,6,1,,1,0,59,34,16,9,24,1x 1 Special Red Card [CRI 82],
538,541,Jonathan Herrera,Alakazam Dudunsparce,22,7,6,1,,1,0,59,50,8,1,25,1x 1 Special Red Card [CRI 82],
539,542,Gavin Booth,Dragapult,22,7,6,1,,1,0,59,34,16,9,23,1x 1 Special Red Card [CRI 82],
540,543,Joseph Nawal,Dragapult Dusknoir,22,7,6,1,,1,0,59,31,20,8,24,1x 1 Special Red Card [CRI 82],
541,544,Nathan Barker,Dragapult,22,7,6,1,,1,0,59,34,16,9,23,1x 1 Special Red Card [CRI 82],
542,545,Jason Calderon,Raging Bolt Ogerpon,22,7,6,1,,1,0,59,32,13,14,27,1x 1 Special Red Card [CRI 82],
543,546,Sanjeev Viswan,Dragapult,22,7,6,1,,1,0,59,35,15,9,23,1x 1 Special Red Card [CRI 82],
544,548,Vincent Geiger,Dragapult,22,7,6,1,,1,0,59,39,12,8,27,1x 1 Special Red Card [CRI 82],
545,549,Nate Moonis,Ogerpon Meganium Hydrapple,22,7,6,1,,1,0,59,37,8,14,23,1x 1 Special Red Card [CRI 82],
546,553,Jonhathan Vazquez,Dragapult,22,7,6,1,,1,0,59,35,15,9,23,1x 1 Special Red Card [CRI 82],
547,554,Robert Fiorini,Dragapult,22,7,6,1,,1,0,59,34,16,9,23,1x 1 Special Red Card [CRI 82],
548,555,Matthew Rowberry,Basic Box,22,7,6,1,,1,0,59,32,17,10,28,1x 1 Special Red Card [CRI 82],
549,557,Jay Lattimore,Lopunny Dudunsparce,22,7,6,1,,1,0,59,47,9,3,26,1x 1 Special Red Card [CRI 82],
550,558,Eli Green,Okidogi Barbaracle,22,7,6,1,,1,0,59,37,13,9,23,1x 1 Special Red Card [CRI 82],
551,561,Patrick Gaddis,Dragapult,22,7,6,1,,1,0,59,36,14,9,25,1x 1 Special Red Card [CRI 82],
552,566,Ryan Gniewek,Dragapult,22,7,6,1,,1,0,59,35,15,9,23,1x 1 Special Red Card [CRI 82],
553,568,Ryan Gerhart,Dragapult,22,7,6,1,,1,0,59,33,17,9,22,1x 1 Special Red Card [CRI 82],
554,572,Breeze Gay,Festival Lead,22,7,6,1,,1,0,59,48,7,4,25,1x 1 Special Red Card [CRI 82],
555,573,Larry Smith,Dragapult Dusknoir,22,7,6,1,,1,0,59,31,21,7,24,1x 1 Special Red Card [CRI 82],
556,577,Mitch Watson,Dragapult,22,7,6,1,,1,0,59,34,16,9,23,1x 1 Special Red Card [CRI 82],
557,582,Avery Appleby,Basic Box,22,7,6,1,,1,0,59,31,17,11,23,1x 1 Special Red Card [CRI 82],
558,584,Janna Novak,Dragapult,21,6,5,3,,1,0,59,34,16,9,22,1x 1 Special Red Card [CRI 82],
559,585,Christopher Danner,Dragapult,21,6,5,3,,1,0,59,33,17,9,21,1x 1 Special Red Card [CRI 82],
560,586,Anthony Botello,N's Zoroark,21,7,7,,,1,0,59,39,12,8,22,1x 1 Special Red Card [CRI 82],
561,587,Robert Carter,Alakazam Dudunsparce,21,6,5,3,,1,0,59,51,7,1,27,1x 1 Special Red Card [CRI 82],
562,588,Taylor Johnson,Dragapult,21,7,6,,,1,0,59,36,14,9,23,1x 1 Special Red Card [CRI 82],
563,589,Christopher Bruce,Dragapult,21,6,5,3,,1,0,59,35,16,8,25,1x 1 Special Red Card [CRI 82],
564,590,Franklin Snellink,Ogerpon Meganium Hydrapple,21,6,5,3,,1,0,59,37,8,14,23,1x 1 Special Red Card [CRI 82],
565,591,Bryant Breier,Ogerpon Meganium Hydrapple,21,6,5,3,,1,0,59,37,9,13,24,1x 1 Special Red Card [CRI 82],
566,592,Carlos Ayala Jr,N's Zoroark,21,6,5,3,,1,0,59,40,11,8,29,1x 1 Special Red Card [CRI 82],
567,594,Maxim Guillotte,Dragapult,21,6,5,3,,1,0,59,36,15,8,28,1x 1 Special Red Card [CRI 82],
568,599,Joshua Negron,Dragapult,21,6,5,3,,1,0,59,33,17,9,22,1x 1 Special Red Card [CRI 82],
569,600,Samuel Norris,Dragapult,21,6,5,3,,1,0,59,35,15,9,24,1x 1 Special Red Card [CRI 82],
570,601,Charles Pope,Dragapult Blaziken,21,6,5,3,,1,0,59,37,14,8,26,1x 1 Special Red Card [CRI 82],
571,603,Sida Zuo,Dragapult,20,6,5,2,,1,0,59,33,16,10,22,1x 1 Special Red Card [CRI 82],
572,607,Andre Becker,Dragapult,20,6,6,2,,1,0,59,35,15,9,23,1x 1 Special Red Card [CRI 82],
573,608,Laura Favela,Dragapult,20,6,6,2,,1,0,59,34,16,9,22,1x 1 Special Red Card [CRI 82],
574,609,Gabryelle Fulp,Rocket's Mewtwo,20,6,6,2,,1,0,59,44,8,7,25,1x 1 Prism Tower [CRI 80],
575,610,Jonathan Twigg,Ogerpon Meganium Hydrapple,20,6,6,2,,1,0,59,37,8,14,23,1x 1 Special Red Card [CRI 82],
576,611,Diego Elias,Dragapult,20,6,6,2,,1,0,59,34,17,8,25,1x 1 Special Red Card [CRI 82],
577,612,David Arnett,Raging Bolt Ogerpon,20,6,6,2,,1,0,59,32,13,14,28,1x 1 Special Red Card [CRI 82],
578,613,Angel Barrios,Dragapult Dudunsparce,20,6,6,2,,1,0,59,37,13,9,23,1x 1 Special Red Card [CRI 82],
579,615,Thien-Tyler Nguyen,Dragapult,20,6,6,2,,1,0,59,38,12,9,24,1x 1 Special Red Card [CRI 82],
580,616,Ahmad Akhrass,Dragapult Dusknoir,20,6,4,2,,1,0,59,31,20,8,24,1x 1 Special Red Card [CRI 82],
581,618,Cristian Hebert,Slowking,20,6,6,2,,1,0,59,45,10,4,31,1x 1 Special Red Card [CRI 82],
582,620,Caleb Lirette,N's Zoroark,20,6,6,2,,1,0,59,38,14,7,27,1x 1 Special Red Card [CRI 82],
583,621,Shane Pierce,Dragapult,20,6,6,2,,1,0,59,35,15,9,24,1x 1 Special Red Card [CRI 82],
584,622,KC Larranaga,Dragapult,20,6,6,2,,1,0,59,34,16,9,23,1x 1 Special Red Card [CRI 82],
585,625,Kiernan Wagner,Basic Box,19,6,5,1,,1,0,59,32,16,11,30,1x 1 Special Red Card [CRI 82],
586,626,Kristen Dyess,Crustle,19,6,5,1,,1,0,59,47,10,2,25,1x 1 Pokémon Center Lady [MEG 123],
587,630,Austin Byard,Dragapult,19,6,7,1,,1,0,59,35,15,9,25,1x 1 Special Red Card [CRI 82],
588,631,Zach Silinskas,Ogerpon Meganium Hydrapple,19,6,7,1,,1,0,59,38,7,14,26,1x 1 Special Red Card [CRI 82],
589,635,Wayne Linnett-Newton,Dragapult,19,6,7,1,,1,0,59,36,15,8,24,1x 1 Special Red Card [CRI 82],
590,636,Diego Perrusquia,Dragapult Dusknoir,19,6,7,1,,1,0,59,32,20,7,25,1x 1 Special Red Card [CRI 82],
591,642,Jackey Du,Dragapult,19,6,6,1,,1,0,59,34,16,9,23,1x 1 Special Red Card [CRI 82],
592,643,Sable Creech,Dragapult,19,6,6,1,,1,0,59,35,15,9,24,1x 1 Special Red Card [CRI 82],
593,648,Benjamin Moenning,Dragapult Dusknoir,19,6,7,1,,1,0,59,34,17,8,25,1x 1 Special Red Card [CRI 82],
594,649,Jacob Wheeler,N's Zoroark,19,6,7,1,,1,0,59,37,15,7,25,1x 1 Special Red Card [CRI 82],
595,650,Ethan Voelker,Dragapult,19,6,7,1,,1,0,59,35,16,8,25,1x 1 Special Red Card [CRI 82],
596,652,Manuel Perez,Ethan's Typhlosion,18,5,4,3,,1,0,59,43,11,5,25,1x 1 Special Red Card [CRI 82],
597,654,Mason Lovato,Raging Bolt Ogerpon,18,5,6,3,,1,0,59,31,12,16,29,1x 1 Special Red Card [CRI 82],
598,655,Rob Nelsen,Dragapult Dusknoir,18,5,6,3,,1,0,59,31,20,8,24,1x 1 Special Red Card [CRI 82],
599,657,Titus Moua,N's Zoroark,17,5,4,2,,1,0,59,38,13,8,23,1x 1 Special Red Card [CRI 82],
600,659,Nathan White,N's Zoroark,17,5,7,2,,1,0,59,38,13,8,26,1x 1 Special Red Card [CRI 82],
601,660,Nicholas Germain,Dragapult,17,5,6,2,,1,0,59,32,18,9,21,1x 1 Special Red Card [CRI 82],
602,661,Anello Ahwah,N's Zoroark,17,5,6,2,,1,0,59,36,15,8,24,1x 1 Special Red Card [CRI 82],
603,663,Kevin Velez,Ethan's Typhlosion,17,5,7,2,,1,0,59,42,12,5,23,1x 1 Special Red Card [CRI 82],
604,665,Fox Ribble,Dragapult Dusknoir,17,5,7,2,,1,0,59,33,18,8,23,1x 1 Special Red Card [CRI 82],
605,668,Carter Evans,Dragapult Dusknoir,16,5,5,1,,1,0,59,33,18,8,26,1x 1 Special Red Card [CRI 82],
606,669,Benny Billinger,Dragapult,16,5,4,1,,1,0,59,36,14,9,23,1x 1 Special Red Card [CRI 82],
607,670,Waley Liu,Raging Bolt Ogerpon,16,5,7,1,,1,0,59,31,13,15,27,1x 1 Special Red Card [CRI 82],
608,671,Jared Forsberg,Dragapult,16,5,5,1,,1,0,59,34,16,9,23,1x 1 Special Red Card [CRI 82],
609,675,Mark Ferris,Dragapult,16,5,5,1,,1,0,59,37,14,8,25,1x 1 Special Red Card [CRI 82],
610,569,Gerardo Velasquez,Greninja,22,7,6,1,,1,3,56,33,17,6,30,1x 1 Special Red Card [CRI 82],3x 3 Froakie [CRI 20]
611,640,Lucian Villaça,Greninja,19,6,7,1,,1,3,56,30,20,6,27,1x 1 Special Red Card [CRI 82],3x 3 Froakie [CRI 20]
612,7,Juho Kallama,Rocket's Mewtwo,38,12,2,2,,2,0,58,43,8,7,22,2x 2 Prism Tower [CRI 80],
613,35,Benjamin Martinsen,N's Zoroark,32,10,2,2,,2,0,58,35,15,8,22,2x 2 Special Red Card [CRI 82],
614,47,Genessa Benton,Dragapult,32,10,2,2,,2,0,58,31,18,9,21,2x 2 Special Red Card [CRI 82],
615,48,Asher Kier,Dragapult,32,10,2,2,,2,0,58,31,18,9,21,2x 2 Special Red Card [CRI 82],
616,76,Shun Takemasa,Dragapult Dusknoir,31,10,3,1,,2,0,58,31,19,8,24,2x 2 Special Red Card [CRI 82],
617,105,Giovanny Sasso,N's Zoroark,30,10,4,,,2,0,58,36,14,8,23,2x 2 Special Red Card [CRI 82],
618,131,Teegan Hall,N's Zoroark,29,9,3,2,,2,0,58,38,12,8,24,2x 2 Special Red Card [CRI 82],
619,138,Louis Smith,N's Zoroark,29,9,3,2,,2,0,58,37,13,8,24,2x 2 Special Red Card [CRI 82],
620,190,Corey Blankenship,Crustle,28,9,4,1,,2,0,58,48,10,0,23,1x 1 Pokémon Center Lady [MEG 123]; 1x 1 AZ's Tranquility [CRI 76],
621,216,Joe Bernard,Dragapult Dusknoir,28,9,4,1,,2,0,58,33,17,8,25,2x 2 Special Red Card [CRI 82],
622,232,Owyn Kamerman,Dragapult,27,8,3,3,,2,0,58,32,17,9,21,2x 2 Special Red Card [CRI 82],
623,241,Vojtěch Kotlán,Dragapult,27,9,5,,,2,0,58,32,17,9,22,2x 2 Special Red Card [CRI 82],
624,281,Grant Manley,Dragapult,26,8,4,2,,2,0,58,33,16,9,21,2x 2 Special Red Card [CRI 82],
625,301,Nicholas Moffitt,Dragapult,26,8,4,2,,2,0,58,36,14,8,24,2x 2 Special Red Card [CRI 82],
626,314,Russell Monteiro,Dragapult,26,7,2,5,,2,0,58,31,18,9,21,2x 2 Special Red Card [CRI 82],
627,360,Danielle Bernstein,Dragapult,25,8,5,1,,2,0,58,31,18,9,21,2x 2 Special Red Card [CRI 82],
628,376,Maxwell Wyatt,Dragapult,25,8,5,1,,2,0,58,32,17,9,22,2x 2 Special Red Card [CRI 82],
629,393,Kaylee Hatfield,Hop's Trevenant,25,8,5,1,,2,0,58,49,9,0,25,2x 2 Special Red Card [CRI 82],
630,453,Steven Hamula,Dragapult Dusknoir,24,7,4,3,,2,0,58,33,18,7,25,2x 2 Special Red Card [CRI 82],
631,469,Lucas Richardson,Metagross,24,7,4,3,,2,0,58,33,8,17,25,1x 1 Philippe [CRI 79]; 1x 1 Special Red Card [CRI 82],
632,509,Kyle Mullanack,Crustle,23,7,5,2,,2,0,58,47,10,1,22,2x 2 Pokémon Center Lady [MEG 123],
633,551,Jason Burch,Dragapult Dusknoir,22,7,6,1,,2,0,58,33,18,7,25,2x 2 Special Red Card [CRI 82],
634,571,Gabriel Paler,Dragapult Dusknoir,22,7,6,1,,2,0,58,33,17,8,25,2x 2 Special Red Card [CRI 82],
635,606,Junior Chala,N's Zoroark,20,6,6,2,,2,0,58,37,13,8,23,2x 2 Special Red Card [CRI 82],
636,637,Corry Reeder,Rocket's Mewtwo,19,6,6,1,,2,0,58,45,6,7,24,1x 1 Special Red Card [CRI 82]; 1x 1 Prism Tower [CRI 80],
637,638,Angel Daniel Cardenas Eduardo,Joltik Box,19,6,6,1,,2,0,58,32,12,14,29,1x 1 AZ's Tranquility [CRI 76]; 1x 1 Special Red Card [CRI 82],
638,641,Andrew Mintz,Dragapult Dusknoir,19,6,7,1,,2,0,58,30,20,8,24,2x 2 Special Red Card [CRI 82],
639,653,James Dinh,Diancie Dusknoir,18,6,5,,,2,0,58,29,21,8,25,1x 1 Deoxys [CRI 33]; 1x 1 Special Red Card [CRI 82],
640,664,Jeffrey Dam,Raging Bolt Ogerpon,17,5,5,2,,2,0,58,31,13,14,27,2x 2 Special Red Card [CRI 82],
641,666,John Perez,Lopunny Dudunsparce,17,5,7,2,,2,0,58,44,11,3,21,2x 2 Special Red Card [CRI 82],
642,644,Yehoshua Tate,Mega Greninja,19,6,7,1,,2,3,55,28,16,11,28,2x 2 Mega Greninja ex [CRI 22],3x 3 Froakie [CRI 20]
643,56,John Salloum,N's Zoroark,31,10,3,1,,3,0,57,36,13,8,24,2x 2 Transformation Tome [CRI 83]; 1x 1 Special Red Card [CRI 82],
644,152,Noah Peltier,N's Zoroark,29,9,3,2,,3,0,57,38,11,8,23,2x 2 Transformation Tome [CRI 83]; 1x 1 Special Red Card [CRI 82],
645,324,Elineury Collado,N's Zoroark,26,8,4,2,,3,0,57,33,16,8,26,2x 2 Transformation Tome [CRI 83]; 1x 1 Special Red Card [CRI 82],
646,361,Mika Wright,N's Zoroark,25,8,5,1,,3,0,57,36,14,7,24,2x 2 Transformation Tome [CRI 83]; 1x 1 Special Red Card [CRI 82],
647,497,Andrew Jin,Mega Greninja,23,7,5,2,,3,3,54,31,17,6,26,2x 2 Mega Greninja ex [CRI 22]; 1x 1 Special Red Card [CRI 82],3x 3 Froakie [CRI 20]
648,578,Benjamin Nackman,Mega Greninja,22,7,6,1,,3,4,53,29,17,7,22,2x 2 Mega Greninja ex [CRI 22]; 1x 1 Special Red Card [CRI 82],4x 4 Froakie [CRI 20]
649,633,Angel Gonzales,Mega Greninja,19,6,7,1,,3,4,53,33,14,6,26,2x 2 Mega Greninja ex [CRI 22]; 1x 1 Special Red Card [CRI 82],4x 4 Froakie [CRI 20]
650,239,Joe Figliano,N's Zoroark,27,9,5,,,4,0,56,35,13,8,24,3x 3 Transformation Tome [CRI 83]; 1x 1 Special Red Card [CRI 82],
651,523,Brian Peltz,Archaludon Dudunsparce,23,7,5,2,,4,0,56,31,15,10,21,2x 2 Prism Tower [CRI 80]; 1x 1 Philippe [CRI 79]; 1x 1 Special Red Card [CRI 82],
652,471,Darien Krys,Mega Greninja,24,8,6,,,4,4,52,30,15,7,23,2x 2 Mega Greninja ex [CRI 22]; 1x 1 AZ's Tranquility [CRI 76]; 1x 1 Special Red Card [CRI 82],4x 4 Froakie [CRI 20]
653,576,Mitchell Orr,Mega Greninja,22,7,6,1,,4,4,52,29,16,7,24,3x 3 Mega Greninja ex [CRI 22]; 1x 1 Special Red Card [CRI 82],4x 4 Froakie [CRI 20]
654,639,Krystal Costas,Mega Greninja,19,6,7,1,,4,4,52,30,15,7,23,2x 2 Mega Greninja ex [CRI 22]; 1x 1 AZ's Tranquility [CRI 76]; 1x 1 Special Red Card [CRI 82],4x 4 Froakie [CRI 20]
655,10,Tord Reklev,N's Zoroark,35,11,2,2,,5,0,55,35,13,7,26,4x 4 Transformation Tome [CRI 83]; 1x 1 Special Red Card [CRI 82],
656,14,Liam Halliburton,N's Zoroark,34,11,2,1,,5,0,55,37,10,8,26,4x 4 Transformation Tome [CRI 83]; 1x 1 Special Red Card [CRI 82],
657,19,Lucas Xing,N's Zoroark,34,11,2,1,,5,0,55,37,10,8,26,4x 4 Transformation Tome [CRI 83]; 1x 1 Special Red Card [CRI 82],
658,99,Henry Brand,N's Zoroark,30,9,2,3,,5,0,55,35,13,7,26,4x 4 Transformation Tome [CRI 83]; 1x 1 Special Red Card [CRI 82],
659,104,Michele Schiraldi,N's Zoroark,30,10,4,,,5,0,55,35,12,8,25,4x 4 Transformation Tome [CRI 83]; 1x 1 Special Red Card [CRI 82],
660,106,Michael Bergerac,N's Zoroark,30,9,2,3,,5,0,55,36,11,8,25,4x 4 Transformation Tome [CRI 83]; 1x 1 Special Red Card [CRI 82],
661,120,Akira Kurasaki,N's Zoroark,29,9,3,2,,5,0,55,35,13,7,26,4x 4 Transformation Tome [CRI 83]; 1x 1 Special Red Card [CRI 82],
662,184,Stephen Lowe,Crustle,28,9,4,1,,5,0,55,49,6,0,26,3x 3 Bubbly Water Energy [CRI 84]; 2x 2 Pokémon Center Lady [MEG 123],
663,192,Anthony Yanez,Dragapult,28,9,4,1,,5,0,55,38,10,7,26,2x 2 Hisuian Growlithe [TWM 99]; 2x 2 Hisuian Arcanine [TWM 100]; 1x 1 Special Red Card [CRI 82],
664,322,Yoshiyuki Yamaguchi,N's Zoroark,26,8,4,2,,5,0,55,35,13,7,26,4x 4 Transformation Tome [CRI 83]; 1x 1 Special Red Card [CRI 82],
665,349,Jonathan Crespo,N's Zoroark,26,8,4,2,,5,0,55,33,15,7,26,4x 4 Transformation Tome [CRI 83]; 1x 1 Special Red Card [CRI 82],
666,346,Jesper Eriksen,N's Zoroark,26,8,4,2,,6,0,54,34,13,7,25,4x 4 Transformation Tome [CRI 83]; 2x 2 Special Red Card [CRI 82],
667,323,Joseph Bjerg,Mega Absol Box,26,8,4,2,,8,0,52,31,11,10,25,4x 4 Transformation Tome [CRI 83]; 2x 2 Special Red Card [CRI 82]; 2x 2 Prism Tower [CRI 80],
668,414,Brennan Winkler,Beedrill,25,8,5,1,,12,0,48,36,8,4,17,4x 4 Weedle [CRI 1]; 4x 4 Kakuna [CRI 2]; 4x 4 Beedrill ex [CRI 3],
669,564,Edwin Lopez,Beedrill,22,7,6,1,,12,0,48,29,13,6,18,4x 4 Weedle [CRI 1]; 4x 4 Kakuna [CRI 2]; 4x 4 Beedrill ex [CRI 3],
670,632,Christian Ortiz,Beedrill,19,6,5,1,,12,0,48,32,11,5,24,4x 4 Weedle [CRI 1]; 4x 4 Kakuna [CRI 2]; 4x 4 Beedrill ex [CRI 3],
671,229,Michael Ginchereau,Beedrill,28,9,4,1,,13,0,47,34,8,5,18,4x 4 Weedle [CRI 1]; 4x 4 Kakuna [CRI 2]; 4x 4 Beedrill ex [CRI 3]; 1x 1 Special Red Card [CRI 82],
672,325,Garrett Williamson,Beedrill,26,8,4,2,,13,0,47,32,10,5,20,4x 4 Weedle [CRI 1]; 4x 4 Kakuna [CRI 2]; 4x 4 Beedrill ex [CRI 3]; 1x 1 Special Red Card [CRI 82],
673,536,Zachery Miller,Beedrill,22,7,6,1,,13,0,47,32,10,5,17,4x 4 Weedle [CRI 1]; 4x 4 Kakuna [CRI 2]; 4x 4 Beedrill ex [CRI 3]; 1x 1 Special Red Card [CRI 82],
674,658,David Perez,Beedrill,17,5,6,2,,13,0,47,33,9,5,21,4x 4 Weedle [CRI 1]; 4x 4 Kakuna [CRI 2]; 4x 4 Beedrill ex [CRI 3]; 1x 1 Special Red Card [CRI 82],
675,492,Alexander Remick,Beedrill,23,7,5,2,,14,0,46,32,9,5,19,4x 4 Weedle [CRI 1]; 4x 4 Kakuna [CRI 2]; 4x 4 Beedrill ex [CRI 3]; 2x 2 Special Red Card [CRI 82],
